room_id,amenity_name
1,Air Conditioning
1,Hair Dryer
1,In-Room Safe
1,Smart TV
1,USB-C Charging Ports
1,Wi-Fi
1,Work Desk
2,Air Conditioning
2,Hair Dryer
2,In-Room Safe
2,Mini Fridge
2,Smart TV
2,USB-C Charging Ports
2,Wi-Fi
2,Work Desk
3,Air Conditioning
3,Coffee Machine
3,Hair Dryer
3,In-Room Safe
3,Smart TV
3,Wi-Fi
3,Work Desk
4,Air Conditioning
4,Coffee Machine
4,Hair Dryer
4,In-Room Safe
4,Mini Fridge
4,Smart TV
4,Wi-Fi
4,Work Desk
5,Air Conditioning
5,Coffee Machine
5,Hair Dryer
5,Kitchenette
5,Microwave
5,Mini Fridge
5,Smart TV
5,Sofa Bed
5,USB-C Charging Ports
5,Wi-Fi
5,Work Desk
6,Air Conditioning
6,Bathtub
6,Coffee Machine
6,Hair Dryer
6,Microwave
6,Mini Fridge
6,Smart TV
6,Sofa Bed
6,USB-C Charging Ports
6,Wi-Fi
6,Work Desk
7,Air Conditioning
7,Balcony
7,Bathtub
7,Coffee Machine
7,Hair Dryer
7,Mini Fridge
7,Mountain View
7,Ocean View
7,Smart TV
7,Streaming Access
7,USB-C Charging Ports
7,Wi-Fi
7,Work Desk
8,Air Conditioning
8,Blackout Curtains
8,Coffee Machine
8,Hair Dryer
8,Mini Fridge
8,Mountain View
8,Smart TV
8,USB-C Charging Ports
8,Wi-Fi
8,Work Desk
9,Accessible Shower
9,Air Conditioning
9,Hair Dryer
9,In-Room Safe
9,Lowered Fixtures
9,Smart TV
9,USB-C Charging Ports
9,Wi-Fi
9,Work Desk
10,Air Conditioning
10,Coffee Machine
10,Hair Dryer
10,In-Room Safe
10,Printer Access
10,Smart TV
10,USB-C Charging Ports
10,Wi-Fi
10,Work Desk
11,Air Conditioning
11,Bathtub
11,Coffee Machine
11,Hair Dryer
11,Mini Fridge
11,Ocean View
11,Smart TV
11,Sofa Bed
11,USB-C Charging Ports
11,Wi-Fi
11,Work Desk
12,Air Conditioning
12,Balcony
12,Bathtub
12,Coffee Machine
12,Dining Area
12,Hair Dryer
12,Kitchenette
12,Microwave
12,Mini Fridge
12,Ocean View
12,Smart TV
12,Streaming Access
12,USB-C Charging Ports
12,Wi-Fi
12,Work Desk
13,Air Conditioning
13,Hair Dryer
13,In-Room Safe
13,Smart TV
13,Wi-Fi
13,Work Desk
14,Air Conditioning
14,Hair Dryer
14,In-Room Safe
14,Mini Fridge
14,Smart TV
14,Wi-Fi
14,Work Desk
15,Air Conditioning
15,Coffee Machine
15,Hair Dryer
15,In-Room Safe
15,Smart TV
15,USB-C Charging Ports
15,Wi-Fi
15,Work Desk
16,Air Conditioning
16,Coffee Machine
16,Hair Dryer
16,In-Room Safe
16,Mini Fridge
16,Smart TV
16,Wi-Fi
16,Work Desk
17,Air Conditioning
17,Coffee Machine
17,Hair Dryer
17,Kitchenette
17,Microwave
17,Mini Fridge
17,Smart TV
17,Sofa Bed
17,USB-C Charging Ports
17,Wi-Fi
17,Work Desk
18,Air Conditioning
18,Bathtub
18,Coffee Machine
18,Hair Dryer
18,Microwave
18,Mini Fridge
18,Smart TV
18,Sofa Bed
18,USB-C Charging Ports
18,Wi-Fi
18,Work Desk
19,Air Conditioning
19,Balcony
19,Bathtub
19,Coffee Machine
19,Hair Dryer
19,Mini Fridge
19,Smart TV
19,Streaming Access
19,Wi-Fi
19,Work Desk
20,Air Conditioning
20,Blackout Curtains
20,Coffee Machine
20,Hair Dryer
20,Mini Fridge
20,Smart TV
20,Wi-Fi
20,Work Desk
21,Accessible Shower
21,Air Conditioning
21,Hair Dryer
21,In-Room Safe
21,Lowered Fixtures
21,Smart TV
21,USB-C Charging Ports
21,Wi-Fi
21,Work Desk
22,Air Conditioning
22,Coffee Machine
22,Hair Dryer
22,In-Room Safe
22,Printer Access
22,Smart TV
22,USB-C Charging Ports
22,Wi-Fi
22,Work Desk
23,Air Conditioning
23,Bathtub
23,Coffee Machine
23,Hair Dryer
23,Mini Fridge
23,Smart TV
23,Sofa Bed
23,USB-C Charging Ports
23,Wi-Fi
23,Work Desk
24,Air Conditioning
24,Balcony
24,Bathtub
24,Coffee Machine
24,Dining Area
24,Hair Dryer
24,Kitchenette
24,Microwave
24,Mini Fridge
24,Smart TV
24,Streaming Access
24,Wi-Fi
24,Work Desk
25,Air Conditioning
25,Hair Dryer
25,In-Room Safe
25,Smart TV
25,USB-C Charging Ports
25,Wi-Fi
25,Work Desk
26,Air Conditioning
26,Hair Dryer
26,In-Room Safe
26,Mini Fridge
26,Smart TV
26,Wi-Fi
26,Work Desk
27,Air Conditioning
27,Coffee Machine
27,Hair Dryer
27,In-Room Safe
27,Smart TV
27,Wi-Fi
27,Work Desk
28,Air Conditioning
28,Coffee Machine
28,Hair Dryer
28,In-Room Safe
28,Mini Fridge
28,Smart TV
28,Wi-Fi
28,Work Desk
29,Air Conditioning
29,Coffee Machine
29,Hair Dryer
29,Kitchenette
29,Microwave
29,Mini Fridge
29,Smart TV
29,Sofa Bed
29,USB-C Charging Ports
29,Wi-Fi
29,Work Desk
30,Air Conditioning
30,Bathtub
30,Coffee Machine
30,Hair Dryer
30,Microwave
30,Mini Fridge
30,Smart TV
30,Sofa Bed
30,Wi-Fi
30,Work Desk
31,Air Conditioning
31,Balcony
31,Bathtub
31,Coffee Machine
31,Hair Dryer
31,Mini Fridge
31,Mountain View
31,Smart TV
31,Streaming Access
31,USB-C Charging Ports
31,Wi-Fi
31,Work Desk
32,Air Conditioning
32,Blackout Curtains
32,Coffee Machine
32,Hair Dryer
32,Mini Fridge
32,Mountain View
32,Smart TV
32,Wi-Fi
32,Work Desk
33,Accessible Shower
33,Air Conditioning
33,Hair Dryer
33,In-Room Safe
33,Lowered Fixtures
33,Smart TV
33,USB-C Charging Ports
33,Wi-Fi
33,Work Desk
34,Air Conditioning
34,Coffee Machine
34,Hair Dryer
34,In-Room Safe
34,Printer Access
34,Smart TV
34,USB-C Charging Ports
34,Wi-Fi
34,Work Desk
35,Air Conditioning
35,Bathtub
35,Coffee Machine
35,Hair Dryer
35,Mini Fridge
35,Smart TV
35,Sofa Bed
35,USB-C Charging Ports
35,Wi-Fi
35,Work Desk
36,Air Conditioning
36,Balcony
36,Bathtub
36,Coffee Machine
36,Dining Area
36,Hair Dryer
36,Kitchenette
36,Microwave
36,Mini Fridge
36,Smart TV
36,Streaming Access
36,USB-C Charging Ports
36,Wi-Fi
36,Work Desk
37,Air Conditioning
37,Hair Dryer
37,In-Room Safe
37,Smart TV
37,Wi-Fi
37,Work Desk
38,Air Conditioning
38,Hair Dryer
38,In-Room Safe
38,Mini Fridge
38,Smart TV
38,Wi-Fi
38,Work Desk
39,Air Conditioning
39,Coffee Machine
39,Hair Dryer
39,In-Room Safe
39,Smart TV
39,USB-C Charging Ports
39,Wi-Fi
39,Work Desk
40,Air Conditioning
40,Coffee Machine
40,Hair Dryer
40,In-Room Safe
40,Mini Fridge
40,Smart TV
40,USB-C Charging Ports
40,Wi-Fi
40,Work Desk
41,Air Conditioning
41,Coffee Machine
41,Hair Dryer
41,Kitchenette
41,Microwave
41,Mini Fridge
41,Smart TV
41,Sofa Bed
41,USB-C Charging Ports
41,Wi-Fi
41,Work Desk
42,Air Conditioning
42,Bathtub
42,Coffee Machine
42,Hair Dryer
42,Microwave
42,Mini Fridge
42,Smart TV
42,Sofa Bed
42,USB-C Charging Ports
42,Wi-Fi
42,Work Desk
43,Air Conditioning
43,Balcony
43,Bathtub
43,Coffee Machine
43,Hair Dryer
43,Mini Fridge
43,Ocean View
43,Smart TV
43,Streaming Access
43,USB-C Charging Ports
43,Wi-Fi
43,Work Desk
44,Air Conditioning
44,Blackout Curtains
44,Coffee Machine
44,Hair Dryer
44,Mini Fridge
44,Smart TV
44,USB-C Charging Ports
44,Wi-Fi
44,Work Desk
45,Accessible Shower
45,Air Conditioning
45,Hair Dryer
45,In-Room Safe
45,Lowered Fixtures
45,Smart TV
45,USB-C Charging Ports
45,Wi-Fi
45,Work Desk
46,Air Conditioning
46,Coffee Machine
46,Hair Dryer
46,In-Room Safe
46,Printer Access
46,Smart TV
46,USB-C Charging Ports
46,Wi-Fi
46,Work Desk
47,Air Conditioning
47,Bathtub
47,Coffee Machine
47,Hair Dryer
47,Mini Fridge
47,Ocean View
47,Smart TV
47,Sofa Bed
47,Wi-Fi
47,Work Desk
48,Air Conditioning
48,Balcony
48,Bathtub
48,Coffee Machine
48,Dining Area
48,Hair Dryer
48,Kitchenette
48,Microwave
48,Mini Fridge
48,Ocean View
48,Smart TV
48,Streaming Access
48,USB-C Charging Ports
48,Wi-Fi
48,Work Desk
49,Air Conditioning
49,Hair Dryer
49,In-Room Safe
49,Smart TV
49,Wi-Fi
49,Work Desk
50,Air Conditioning
50,Hair Dryer
50,In-Room Safe
50,Mini Fridge
50,Smart TV
50,Wi-Fi
50,Work Desk
51,Air Conditioning
51,Coffee Machine
51,Hair Dryer
51,In-Room Safe
51,Smart TV
51,Wi-Fi
51,Work Desk
52,Air Conditioning
52,Coffee Machine
52,Hair Dryer
52,In-Room Safe
52,Mini Fridge
52,Smart TV
52,USB-C Charging Ports
52,Wi-Fi
52,Work Desk
53,Air Conditioning
53,Coffee Machine
53,Hair Dryer
53,Kitchenette
53,Microwave
53,Mini Fridge
53,Smart TV
53,Sofa Bed
53,USB-C Charging Ports
53,Wi-Fi
53,Work Desk
54,Air Conditioning
54,Bathtub
54,Coffee Machine
54,Hair Dryer
54,Microwave
54,Mini Fridge
54,Smart TV
54,Sofa Bed
54,Wi-Fi
54,Work Desk
55,Air Conditioning
55,Balcony
55,Bathtub
55,Coffee Machine
55,Hair Dryer
55,Mini Fridge
55,Ocean View
55,Smart TV
55,Streaming Access
55,Wi-Fi
55,Work Desk
56,Air Conditioning
56,Blackout Curtains
56,Coffee Machine
56,Hair Dryer
56,Mini Fridge
56,Smart TV
56,USB-C Charging Ports
56,Wi-Fi
56,Work Desk
57,Accessible Shower
57,Air Conditioning
57,Hair Dryer
57,In-Room Safe
57,Lowered Fixtures
57,Smart TV
57,USB-C Charging Ports
57,Wi-Fi
57,Work Desk
58,Air Conditioning
58,Coffee Machine
58,Hair Dryer
58,In-Room Safe
58,Printer Access
58,Smart TV
58,USB-C Charging Ports
58,Wi-Fi
58,Work Desk
59,Air Conditioning
59,Bathtub
59,Coffee Machine
59,Hair Dryer
59,Mini Fridge
59,Ocean View
59,Smart TV
59,Sofa Bed
59,USB-C Charging Ports
59,Wi-Fi
59,Work Desk
60,Air Conditioning
60,Balcony
60,Bathtub
60,Coffee Machine
60,Dining Area
60,Hair Dryer
60,Kitchenette
60,Microwave
60,Mini Fridge
60,Ocean View
60,Smart TV
60,Streaming Access
60,USB-C Charging Ports
60,Wi-Fi
60,Work Desk
61,Air Conditioning
61,Hair Dryer
61,In-Room Safe
61,Smart TV
61,Wi-Fi
61,Work Desk
62,Air Conditioning
62,Hair Dryer
62,In-Room Safe
62,Mini Fridge
62,Smart TV
62,USB-C Charging Ports
62,Wi-Fi
62,Work Desk
63,Air Conditioning
63,Coffee Machine
63,Hair Dryer
63,In-Room Safe
63,Smart TV
63,Wi-Fi
63,Work Desk
64,Air Conditioning
64,Coffee Machine
64,Hair Dryer
64,In-Room Safe
64,Mini Fridge
64,Smart TV
64,Wi-Fi
64,Work Desk
65,Air Conditioning
65,Coffee Machine
65,Hair Dryer
65,Kitchenette
65,Microwave
65,Mini Fridge
65,Smart TV
65,Sofa Bed
65,USB-C Charging Ports
65,Wi-Fi
65,Work Desk
66,Air Conditioning
66,Bathtub
66,Coffee Machine
66,Hair Dryer
66,Microwave
66,Mini Fridge
66,Smart TV
66,Sofa Bed
66,Wi-Fi
66,Work Desk
67,Air Conditioning
67,Balcony
67,Bathtub
67,Coffee Machine
67,Hair Dryer
67,Mini Fridge
67,Mountain View
67,Ocean View
67,Smart TV
67,Streaming Access
67,USB-C Charging Ports
67,Wi-Fi
67,Work Desk
68,Air Conditioning
68,Blackout Curtains
68,Coffee Machine
68,Hair Dryer
68,Mini Fridge
68,Mountain View
68,Smart TV
68,USB-C Charging Ports
68,Wi-Fi
68,Work Desk
69,Accessible Shower
69,Air Conditioning
69,Hair Dryer
69,In-Room Safe
69,Lowered Fixtures
69,Smart TV
69,USB-C Charging Ports
69,Wi-Fi
69,Work Desk
70,Air Conditioning
70,Coffee Machine
70,Hair Dryer
70,In-Room Safe
70,Printer Access
70,Smart TV
70,USB-C Charging Ports
70,Wi-Fi
70,Work Desk
71,Air Conditioning
71,Bathtub
71,Coffee Machine
71,Hair Dryer
71,Mini Fridge
71,Ocean View
71,Smart TV
71,Sofa Bed
71,USB-C Charging Ports
71,Wi-Fi
71,Work Desk
72,Air Conditioning
72,Balcony
72,Bathtub
72,Coffee Machine
72,Dining Area
72,Hair Dryer
72,Kitchenette
72,Microwave
72,Mini Fridge
72,Ocean View
72,Smart TV
72,Streaming Access
72,USB-C Charging Ports
72,Wi-Fi
72,Work Desk
73,Air Conditioning
73,Hair Dryer
73,In-Room Safe
73,Smart TV
73,USB-C Charging Ports
73,Wi-Fi
73,Work Desk
74,Air Conditioning
74,Hair Dryer
74,In-Room Safe
74,Mini Fridge
74,Smart TV
74,USB-C Charging Ports
74,Wi-Fi
74,Work Desk
75,Air Conditioning
75,Coffee Machine
75,Hair Dryer
75,In-Room Safe
75,Smart TV
75,USB-C Charging Ports
75,Wi-Fi
75,Work Desk
76,Air Conditioning
76,Coffee Machine
76,Hair Dryer
76,In-Room Safe
76,Mini Fridge
76,Smart TV
76,USB-C Charging Ports
76,Wi-Fi
76,Work Desk
77,Air Conditioning
77,Coffee Machine
77,Hair Dryer
77,Kitchenette
77,Microwave
77,Mini Fridge
77,Smart TV
77,Sofa Bed
77,USB-C Charging Ports
77,Wi-Fi
77,Work Desk
78,Air Conditioning
78,Bathtub
78,Coffee Machine
78,Hair Dryer
78,Microwave
78,Mini Fridge
78,Smart TV
78,Sofa Bed
78,USB-C Charging Ports
78,Wi-Fi
78,Work Desk
79,Air Conditioning
79,Balcony
79,Bathtub
79,Coffee Machine
79,Hair Dryer
79,Mini Fridge
79,Smart TV
79,Streaming Access
79,Wi-Fi
79,Work Desk
80,Air Conditioning
80,Blackout Curtains
80,Coffee Machine
80,Hair Dryer
80,Mini Fridge
80,Smart TV
80,USB-C Charging Ports
80,Wi-Fi
80,Work Desk
81,Accessible Shower
81,Air Conditioning
81,Hair Dryer
81,In-Room Safe
81,Lowered Fixtures
81,Smart TV
81,USB-C Charging Ports
81,Wi-Fi
81,Work Desk
82,Air Conditioning
82,Coffee Machine
82,Hair Dryer
82,In-Room Safe
82,Printer Access
82,Smart TV
82,USB-C Charging Ports
82,Wi-Fi
82,Work Desk
83,Air Conditioning
83,Bathtub
83,Coffee Machine
83,Hair Dryer
83,Mini Fridge
83,Smart TV
83,Sofa Bed
83,USB-C Charging Ports
83,Wi-Fi
83,Work Desk
84,Air Conditioning
84,Balcony
84,Bathtub
84,Coffee Machine
84,Dining Area
84,Hair Dryer
84,Kitchenette
84,Microwave
84,Mini Fridge
84,Smart TV
84,Streaming Access
84,USB-C Charging Ports
84,Wi-Fi
84,Work Desk
85,Air Conditioning
85,Hair Dryer
85,In-Room Safe
85,Smart TV
85,Wi-Fi
85,Work Desk
86,Air Conditioning
86,Hair Dryer
86,In-Room Safe
86,Mini Fridge
86,Smart TV
86,Wi-Fi
86,Work Desk
87,Air Conditioning
87,Coffee Machine
87,Hair Dryer
87,In-Room Safe
87,Smart TV
87,USB-C Charging Ports
87,Wi-Fi
87,Work Desk
88,Air Conditioning
88,Coffee Machine
88,Hair Dryer
88,In-Room Safe
88,Mini Fridge
88,Smart TV
88,Wi-Fi
88,Work Desk
89,Air Conditioning
89,Coffee Machine
89,Hair Dryer
89,Kitchenette
89,Microwave
89,Mini Fridge
89,Smart TV
89,Sofa Bed
89,USB-C Charging Ports
89,Wi-Fi
89,Work Desk
90,Air Conditioning
90,Bathtub
90,Coffee Machine
90,Hair Dryer
90,Microwave
90,Mini Fridge
90,Smart TV
90,Sofa Bed
90,Wi-Fi
90,Work Desk
91,Air Conditioning
91,Balcony
91,Bathtub
91,Coffee Machine
91,Hair Dryer
91,Mini Fridge
91,Smart TV
91,Streaming Access
91,USB-C Charging Ports
91,Wi-Fi
91,Work Desk
92,Air Conditioning
92,Blackout Curtains
92,Coffee Machine
92,Hair Dryer
92,Mini Fridge
92,Smart TV
92,Wi-Fi
92,Work Desk
93,Accessible Shower
93,Air Conditioning
93,Hair Dryer
93,In-Room Safe
93,Lowered Fixtures
93,Smart TV
93,USB-C Charging Ports
93,Wi-Fi
93,Work Desk
94,Air Conditioning
94,Coffee Machine
94,Hair Dryer
94,In-Room Safe
94,Printer Access
94,Smart TV
94,USB-C Charging Ports
94,Wi-Fi
94,Work Desk
95,Air Conditioning
95,Bathtub
95,Coffee Machine
95,Hair Dryer
95,Mini Fridge
95,Smart TV
95,Sofa Bed
95,USB-C Charging Ports
95,Wi-Fi
95,Work Desk
96,Air Conditioning
96,Balcony
96,Bathtub
96,Coffee Machine
96,Dining Area
96,Hair Dryer
96,Kitchenette
96,Microwave
96,Mini Fridge
96,Smart TV
96,Streaming Access
96,Wi-Fi
96,Work Desk
97,Air Conditioning
97,Hair Dryer
97,In-Room Safe
97,Smart TV
97,USB-C Charging Ports
97,Wi-Fi
97,Work Desk
98,Air Conditioning
98,Hair Dryer
98,In-Room Safe
98,Mini Fridge
98,Smart TV
98,USB-C Charging Ports
98,Wi-Fi
98,Work Desk
99,Air Conditioning
99,Coffee Machine
99,Hair Dryer
99,In-Room Safe
99,Smart TV
99,USB-C Charging Ports
99,Wi-Fi
99,Work Desk
100,Air Conditioning
100,Coffee Machine
100,Hair Dryer
100,In-Room Safe
100,Mini Fridge
100,Smart TV
100,Wi-Fi
100,Work Desk
101,Air Conditioning
101,Coffee Machine
101,Hair Dryer
101,Kitchenette
101,Microwave
101,Mini Fridge
101,Smart TV
101,Sofa Bed
101,USB-C Charging Ports
101,Wi-Fi
101,Work Desk
102,Air Conditioning
102,Bathtub
102,Coffee Machine
102,Hair Dryer
102,Microwave
102,Mini Fridge
102,Smart TV
102,Sofa Bed
102,USB-C Charging Ports
102,Wi-Fi
102,Work Desk
103,Air Conditioning
103,Balcony
103,Bathtub
103,Coffee Machine
103,Hair Dryer
103,Mini Fridge
103,Smart TV
103,Streaming Access
103,Wi-Fi
103,Work Desk
104,Air Conditioning
104,Blackout Curtains
104,Coffee Machine
104,Hair Dryer
104,Mini Fridge
104,Smart TV
104,Wi-Fi
104,Work Desk
105,Accessible Shower
105,Air Conditioning
105,Hair Dryer
105,In-Room Safe
105,Lowered Fixtures
105,Smart TV
105,USB-C Charging Ports
105,Wi-Fi
105,Work Desk
106,Air Conditioning
106,Coffee Machine
106,Hair Dryer
106,In-Room Safe
106,Printer Access
106,Smart TV
106,USB-C Charging Ports
106,Wi-Fi
106,Work Desk
107,Air Conditioning
107,Bathtub
107,Coffee Machine
107,Hair Dryer
107,Mini Fridge
107,Smart TV
107,Sofa Bed
107,USB-C Charging Ports
107,Wi-Fi
107,Work Desk
108,Air Conditioning
108,Balcony
108,Bathtub
108,Coffee Machine
108,Dining Area
108,Hair Dryer
108,Kitchenette
108,Microwave
108,Mini Fridge
108,Smart TV
108,Streaming Access
108,USB-C Charging Ports
108,Wi-Fi
108,Work Desk
109,Air Conditioning
109,Hair Dryer
109,In-Room Safe
109,Smart TV
109,USB-C Charging Ports
109,Wi-Fi
109,Work Desk
110,Air Conditioning
110,Hair Dryer
110,In-Room Safe
110,Mini Fridge
110,Smart TV
110,USB-C Charging Ports
110,Wi-Fi
110,Work Desk
111,Air Conditioning
111,Coffee Machine
111,Hair Dryer
111,In-Room Safe
111,Smart TV
111,USB-C Charging Ports
111,Wi-Fi
111,Work Desk
112,Air Conditioning
112,Coffee Machine
112,Hair Dryer
112,In-Room Safe
112,Mini Fridge
112,Smart TV
112,USB-C Charging Ports
112,Wi-Fi
112,Work Desk
113,Air Conditioning
113,Coffee Machine
113,Hair Dryer
113,Kitchenette
113,Microwave
113,Mini Fridge
113,Smart TV
113,Sofa Bed
113,USB-C Charging Ports
113,Wi-Fi
113,Work Desk
114,Air Conditioning
114,Bathtub
114,Coffee Machine
114,Hair Dryer
114,Microwave
114,Mini Fridge
114,Smart TV
114,Sofa Bed
114,USB-C Charging Ports
114,Wi-Fi
114,Work Desk
115,Air Conditioning
115,Balcony
115,Bathtub
115,Coffee Machine
115,Hair Dryer
115,Mini Fridge
115,Smart TV
115,Streaming Access
115,USB-C Charging Ports
115,Wi-Fi
115,Work Desk
116,Air Conditioning
116,Blackout Curtains
116,Coffee Machine
116,Hair Dryer
116,Mini Fridge
116,Smart TV
116,Wi-Fi
116,Work Desk
117,Accessible Shower
117,Air Conditioning
117,Hair Dryer
117,In-Room Safe
117,Lowered Fixtures
117,Smart TV
117,Wi-Fi
117,Work Desk
118,Air Conditioning
118,Coffee Machine
118,Hair Dryer
118,In-Room Safe
118,Printer Access
118,Smart TV
118,USB-C Charging Ports
118,Wi-Fi
118,Work Desk
119,Air Conditioning
119,Bathtub
119,Coffee Machine
119,Hair Dryer
119,Mini Fridge
119,Smart TV
119,Sofa Bed
119,Wi-Fi
119,Work Desk
120,Air Conditioning
120,Balcony
120,Bathtub
120,Coffee Machine
120,Dining Area
120,Hair Dryer
120,Kitchenette
120,Microwave
120,Mini Fridge
120,Smart TV
120,Streaming Access
120,Wi-Fi
120,Work Desk
121,Air Conditioning
121,Hair Dryer
121,In-Room Safe
121,Smart TV
121,USB-C Charging Ports
121,Wi-Fi
121,Work Desk
122,Air Conditioning
122,Hair Dryer
122,In-Room Safe
122,Mini Fridge
122,Smart TV
122,Wi-Fi
122,Work Desk
123,Air Conditioning
123,Coffee Machine
123,Hair Dryer
123,In-Room Safe
123,Smart TV
123,Wi-Fi
123,Work Desk
124,Air Conditioning
124,Coffee Machine
124,Hair Dryer
124,In-Room Safe
124,Mini Fridge
124,Smart TV
124,USB-C Charging Ports
124,Wi-Fi
124,Work Desk
125,Air Conditioning
125,Coffee Machine
125,Hair Dryer
125,Kitchenette
125,Microwave
125,Mini Fridge
125,Smart TV
125,Sofa Bed
125,USB-C Charging Ports
125,Wi-Fi
125,Work Desk
126,Air Conditioning
126,Bathtub
126,Coffee Machine
126,Hair Dryer
126,Microwave
126,Mini Fridge
126,Smart TV
126,Sofa Bed
126,Wi-Fi
126,Work Desk
127,Air Conditioning
127,Balcony
127,Bathtub
127,Coffee Machine
127,Hair Dryer
127,Mini Fridge
127,Ocean View
127,Smart TV
127,Streaming Access
127,Wi-Fi
127,Work Desk
128,Air Conditioning
128,Blackout Curtains
128,Coffee Machine
128,Hair Dryer
128,Mini Fridge
128,Smart TV
128,USB-C Charging Ports
128,Wi-Fi
128,Work Desk
129,Accessible Shower
129,Air Conditioning
129,Hair Dryer
129,In-Room Safe
129,Lowered Fixtures
129,Smart TV
129,USB-C Charging Ports
129,Wi-Fi
129,Work Desk
130,Air Conditioning
130,Coffee Machine
130,Hair Dryer
130,In-Room Safe
130,Printer Access
130,Smart TV
130,USB-C Charging Ports
130,Wi-Fi
130,Work Desk
131,Air Conditioning
131,Bathtub
131,Coffee Machine
131,Hair Dryer
131,Mini Fridge
131,Ocean View
131,Smart TV
131,Sofa Bed
131,USB-C Charging Ports
131,Wi-Fi
131,Work Desk
132,Air Conditioning
132,Balcony
132,Bathtub
132,Coffee Machine
132,Dining Area
132,Hair Dryer
132,Kitchenette
132,Microwave
132,Mini Fridge
132,Ocean View
132,Smart TV
132,Streaming Access
132,USB-C Charging Ports
132,Wi-Fi
132,Work Desk
133,Air Conditioning
133,Hair Dryer
133,In-Room Safe
133,Smart TV
133,Wi-Fi
133,Work Desk
134,Air Conditioning
134,Hair Dryer
134,In-Room Safe
134,Mini Fridge
134,Smart TV
134,USB-C Charging Ports
134,Wi-Fi
134,Work Desk
135,Air Conditioning
135,Coffee Machine
135,Hair Dryer
135,In-Room Safe
135,Smart TV
135,USB-C Charging Ports
135,Wi-Fi
135,Work Desk
136,Air Conditioning
136,Coffee Machine
136,Hair Dryer
136,In-Room Safe
136,Mini Fridge
136,Smart TV
136,USB-C Charging Ports
136,Wi-Fi
136,Work Desk
137,Air Conditioning
137,Coffee Machine
137,Hair Dryer
137,Kitchenette
137,Microwave
137,Mini Fridge
137,Smart TV
137,Sofa Bed
137,USB-C Charging Ports
137,Wi-Fi
137,Work Desk
138,Air Conditioning
138,Bathtub
138,Coffee Machine
138,Hair Dryer
138,Microwave
138,Mini Fridge
138,Smart TV
138,Sofa Bed
138,USB-C Charging Ports
138,Wi-Fi
138,Work Desk
139,Air Conditioning
139,Balcony
139,Bathtub
139,Coffee Machine
139,Hair Dryer
139,Mini Fridge
139,Mountain View
139,Smart TV
139,Streaming Access
139,USB-C Charging Ports
139,Wi-Fi
139,Work Desk
140,Air Conditioning
140,Blackout Curtains
140,Coffee Machine
140,Hair Dryer
140,Mini Fridge
140,Mountain View
140,Smart TV
140,USB-C Charging Ports
140,Wi-Fi
140,Work Desk
141,Accessible Shower
141,Air Conditioning
141,Hair Dryer
141,In-Room Safe
141,Lowered Fixtures
141,Smart TV
141,USB-C Charging Ports
141,Wi-Fi
141,Work Desk
142,Air Conditioning
142,Coffee Machine
142,Hair Dryer
142,In-Room Safe
142,Printer Access
142,Smart TV
142,USB-C Charging Ports
142,Wi-Fi
142,Work Desk
143,Air Conditioning
143,Bathtub
143,Coffee Machine
143,Hair Dryer
143,Mini Fridge
143,Smart TV
143,Sofa Bed
143,USB-C Charging Ports
143,Wi-Fi
143,Work Desk
144,Air Conditioning
144,Balcony
144,Bathtub
144,Coffee Machine
144,Dining Area
144,Hair Dryer
144,Kitchenette
144,Microwave
144,Mini Fridge
144,Smart TV
144,Streaming Access
144,USB-C Charging Ports
144,Wi-Fi
144,Work Desk
145,Air Conditioning
145,Hair Dryer
145,In-Room Safe
145,Smart TV
145,USB-C Charging Ports
145,Wi-Fi
145,Work Desk
146,Air Conditioning
146,Hair Dryer
146,In-Room Safe
146,Mini Fridge
146,Smart TV
146,USB-C Charging Ports
146,Wi-Fi
146,Work Desk
147,Air Conditioning
147,Coffee Machine
147,Hair Dryer
147,In-Room Safe
147,Smart TV
147,Wi-Fi
147,Work Desk
148,Air Conditioning
148,Coffee Machine
148,Hair Dryer
148,In-Room Safe
148,Mini Fridge
148,Smart TV
148,USB-C Charging Ports
148,Wi-Fi
148,Work Desk
149,Air Conditioning
149,Coffee Machine
149,Hair Dryer
149,Kitchenette
149,Microwave
149,Mini Fridge
149,Smart TV
149,Sofa Bed
149,USB-C Charging Ports
149,Wi-Fi
149,Work Desk
150,Air Conditioning
150,Bathtub
150,Coffee Machine
150,Hair Dryer
150,Microwave
150,Mini Fridge
150,Smart TV
150,Sofa Bed
150,Wi-Fi
150,Work Desk
151,Air Conditioning
151,Balcony
151,Bathtub
151,Coffee Machine
151,Hair Dryer
151,Mini Fridge
151,Smart TV
151,Streaming Access
151,USB-C Charging Ports
151,Wi-Fi
151,Work Desk
152,Air Conditioning
152,Blackout Curtains
152,Coffee Machine
152,Hair Dryer
152,Mini Fridge
152,Smart TV
152,Wi-Fi
152,Work Desk
153,Accessible Shower
153,Air Conditioning
153,Hair Dryer
153,In-Room Safe
153,Lowered Fixtures
153,Smart TV
153,Wi-Fi
153,Work Desk
154,Air Conditioning
154,Coffee Machine
154,Hair Dryer
154,In-Room Safe
154,Printer Access
154,Smart TV
154,USB-C Charging Ports
154,Wi-Fi
154,Work Desk
155,Air Conditioning
155,Bathtub
155,Coffee Machine
155,Hair Dryer
155,Mini Fridge
155,Smart TV
155,Sofa Bed
155,USB-C Charging Ports
155,Wi-Fi
155,Work Desk
156,Air Conditioning
156,Balcony
156,Bathtub
156,Coffee Machine
156,Dining Area
156,Hair Dryer
156,Kitchenette
156,Microwave
156,Mini Fridge
156,Smart TV
156,Streaming Access
156,Wi-Fi
156,Work Desk
157,Air Conditioning
157,Hair Dryer
157,In-Room Safe
157,Smart TV
157,USB-C Charging Ports
157,Wi-Fi
157,Work Desk
158,Air Conditioning
158,Hair Dryer
158,In-Room Safe
158,Mini Fridge
158,Smart TV
158,USB-C Charging Ports
158,Wi-Fi
158,Work Desk
159,Air Conditioning
159,Coffee Machine
159,Hair Dryer
159,In-Room Safe
159,Smart TV
159,USB-C Charging Ports
159,Wi-Fi
159,Work Desk
160,Air Conditioning
160,Coffee Machine
160,Hair Dryer
160,In-Room Safe
160,Mini Fridge
160,Smart TV
160,Wi-Fi
160,Work Desk
161,Air Conditioning
161,Coffee Machine
161,Hair Dryer
161,Kitchenette
161,Microwave
161,Mini Fridge
161,Smart TV
161,Sofa Bed
161,Wi-Fi
161,Work Desk
162,Air Conditioning
162,Bathtub
162,Coffee Machine
162,Hair Dryer
162,Microwave
162,Mini Fridge
162,Smart TV
162,Sofa Bed
162,USB-C Charging Ports
162,Wi-Fi
162,Work Desk
163,Air Conditioning
163,Balcony
163,Bathtub
163,Coffee Machine
163,Hair Dryer
163,Mini Fridge
163,Smart TV
163,Streaming Access
163,USB-C Charging Ports
163,Wi-Fi
163,Work Desk
164,Air Conditioning
164,Blackout Curtains
164,Coffee Machine
164,Hair Dryer
164,Mini Fridge
164,Smart TV
164,USB-C Charging Ports
164,Wi-Fi
164,Work Desk
165,Accessible Shower
165,Air Conditioning
165,Hair Dryer
165,In-Room Safe
165,Lowered Fixtures
165,Smart TV
165,USB-C Charging Ports
165,Wi-Fi
165,Work Desk
166,Air Conditioning
166,Coffee Machine
166,Hair Dryer
166,In-Room Safe
166,Printer Access
166,Smart TV
166,USB-C Charging Ports
166,Wi-Fi
166,Work Desk
167,Air Conditioning
167,Bathtub
167,Coffee Machine
167,Hair Dryer
167,Mini Fridge
167,Smart TV
167,Sofa Bed
167,USB-C Charging Ports
167,Wi-Fi
167,Work Desk
168,Air Conditioning
168,Balcony
168,Bathtub
168,Coffee Machine
168,Dining Area
168,Hair Dryer
168,Kitchenette
168,Microwave
168,Mini Fridge
168,Smart TV
168,Streaming Access
168,Wi-Fi
168,Work Desk
169,Air Conditioning
169,Hair Dryer
169,In-Room Safe
169,Smart TV
169,USB-C Charging Ports
169,Wi-Fi
169,Work Desk
170,Air Conditioning
170,Hair Dryer
170,In-Room Safe
170,Mini Fridge
170,Smart TV
170,Wi-Fi
170,Work Desk
171,Air Conditioning
171,Coffee Machine
171,Hair Dryer
171,In-Room Safe
171,Smart TV
171,USB-C Charging Ports
171,Wi-Fi
171,Work Desk
172,Air Conditioning
172,Coffee Machine
172,Hair Dryer
172,In-Room Safe
172,Mini Fridge
172,Smart TV
172,Wi-Fi
172,Work Desk
173,Air Conditioning
173,Coffee Machine
173,Hair Dryer
173,Kitchenette
173,Microwave
173,Mini Fridge
173,Smart TV
173,Sofa Bed
173,USB-C Charging Ports
173,Wi-Fi
173,Work Desk
174,Air Conditioning
174,Bathtub
174,Coffee Machine
174,Hair Dryer
174,Microwave
174,Mini Fridge
174,Smart TV
174,Sofa Bed
174,Wi-Fi
174,Work Desk
175,Air Conditioning
175,Balcony
175,Bathtub
175,Coffee Machine
175,Hair Dryer
175,Mini Fridge
175,Smart TV
175,Streaming Access
175,Wi-Fi
175,Work Desk
176,Air Conditioning
176,Blackout Curtains
176,Coffee Machine
176,Hair Dryer
176,Mini Fridge
176,Smart TV
176,USB-C Charging Ports
176,Wi-Fi
176,Work Desk
177,Accessible Shower
177,Air Conditioning
177,Hair Dryer
177,In-Room Safe
177,Lowered Fixtures
177,Smart TV
177,USB-C Charging Ports
177,Wi-Fi
177,Work Desk
178,Air Conditioning
178,Coffee Machine
178,Hair Dryer
178,In-Room Safe
178,Printer Access
178,Smart TV
178,USB-C Charging Ports
178,Wi-Fi
178,Work Desk
179,Air Conditioning
179,Bathtub
179,Coffee Machine
179,Hair Dryer
179,Mini Fridge
179,Smart TV
179,Sofa Bed
179,Wi-Fi
179,Work Desk
180,Air Conditioning
180,Balcony
180,Bathtub
180,Coffee Machine
180,Dining Area
180,Hair Dryer
180,Kitchenette
180,Microwave
180,Mini Fridge
180,Smart TV
180,Streaming Access
180,USB-C Charging Ports
180,Wi-Fi
180,Work Desk
181,Air Conditioning
181,Hair Dryer
181,In-Room Safe
181,Smart TV
181,USB-C Charging Ports
181,Wi-Fi
181,Work Desk
182,Air Conditioning
182,Hair Dryer
182,In-Room Safe
182,Mini Fridge
182,Smart TV
182,USB-C Charging Ports
182,Wi-Fi
182,Work Desk
183,Air Conditioning
183,Coffee Machine
183,Hair Dryer
183,In-Room Safe
183,Smart TV
183,USB-C Charging Ports
183,Wi-Fi
183,Work Desk
184,Air Conditioning
184,Coffee Machine
184,Hair Dryer
184,In-Room Safe
184,Mini Fridge
184,Smart TV
184,USB-C Charging Ports
184,Wi-Fi
184,Work Desk
185,Air Conditioning
185,Coffee Machine
185,Hair Dryer
185,Kitchenette
185,Microwave
185,Mini Fridge
185,Smart TV
185,Sofa Bed
185,USB-C Charging Ports
185,Wi-Fi
185,Work Desk
186,Air Conditioning
186,Bathtub
186,Coffee Machine
186,Hair Dryer
186,Microwave
186,Mini Fridge
186,Smart TV
186,Sofa Bed
186,Wi-Fi
186,Work Desk
187,Air Conditioning
187,Balcony
187,Bathtub
187,Coffee Machine
187,Hair Dryer
187,Mini Fridge
187,Smart TV
187,Streaming Access
187,USB-C Charging Ports
187,Wi-Fi
187,Work Desk
188,Air Conditioning
188,Blackout Curtains
188,Coffee Machine
188,Hair Dryer
188,Mini Fridge
188,Smart TV
188,Wi-Fi
188,Work Desk
189,Accessible Shower
189,Air Conditioning
189,Hair Dryer
189,In-Room Safe
189,Lowered Fixtures
189,Smart TV
189,Wi-Fi
189,Work Desk
190,Air Conditioning
190,Coffee Machine
190,Hair Dryer
190,In-Room Safe
190,Printer Access
190,Smart TV
190,USB-C Charging Ports
190,Wi-Fi
190,Work Desk
191,Air Conditioning
191,Bathtub
191,Coffee Machine
191,Hair Dryer
191,Mini Fridge
191,Smart TV
191,Sofa Bed
191,Wi-Fi
191,Work Desk
192,Air Conditioning
192,Balcony
192,Bathtub
192,Coffee Machine
192,Dining Area
192,Hair Dryer
192,Kitchenette
192,Microwave
192,Mini Fridge
192,Smart TV
192,Streaming Access
192,Wi-Fi
192,Work Desk
193,Air Conditioning
193,Hair Dryer
193,In-Room Safe
193,Smart TV
193,USB-C Charging Ports
193,Wi-Fi
193,Work Desk
194,Air Conditioning
194,Hair Dryer
194,In-Room Safe
194,Mini Fridge
194,Smart TV
194,USB-C Charging Ports
194,Wi-Fi
194,Work Desk
195,Air Conditioning
195,Coffee Machine
195,Hair Dryer
195,In-Room Safe
195,Smart TV
195,USB-C Charging Ports
195,Wi-Fi
195,Work Desk
196,Air Conditioning
196,Coffee Machine
196,Hair Dryer
196,In-Room Safe
196,Mini Fridge
196,Smart TV
196,USB-C Charging Ports
196,Wi-Fi
196,Work Desk
197,Air Conditioning
197,Coffee Machine
197,Hair Dryer
197,Kitchenette
197,Microwave
197,Mini Fridge
197,Smart TV
197,Sofa Bed
197,USB-C Charging Ports
197,Wi-Fi
197,Work Desk
198,Air Conditioning
198,Bathtub
198,Coffee Machine
198,Hair Dryer
198,Microwave
198,Mini Fridge
198,Smart TV
198,Sofa Bed
198,Wi-Fi
198,Work Desk
199,Air Conditioning
199,Balcony
199,Bathtub
199,Coffee Machine
199,Hair Dryer
199,Mini Fridge
199,Smart TV
199,Streaming Access
199,USB-C Charging Ports
199,Wi-Fi
199,Work Desk
200,Air Conditioning
200,Blackout Curtains
200,Coffee Machine
200,Hair Dryer
200,Mini Fridge
200,Smart TV
200,USB-C Charging Ports
200,Wi-Fi
200,Work Desk
201,Accessible Shower
201,Air Conditioning
201,Hair Dryer
201,In-Room Safe
201,Lowered Fixtures
201,Smart TV
201,USB-C Charging Ports
201,Wi-Fi
201,Work Desk
202,Air Conditioning
202,Coffee Machine
202,Hair Dryer
202,In-Room Safe
202,Printer Access
202,Smart TV
202,USB-C Charging Ports
202,Wi-Fi
202,Work Desk
203,Air Conditioning
203,Bathtub
203,Coffee Machine
203,Hair Dryer
203,Mini Fridge
203,Smart TV
203,Sofa Bed
203,USB-C Charging Ports
203,Wi-Fi
203,Work Desk
204,Air Conditioning
204,Balcony
204,Bathtub
204,Coffee Machine
204,Dining Area
204,Hair Dryer
204,Kitchenette
204,Microwave
204,Mini Fridge
204,Smart TV
204,Streaming Access
204,USB-C Charging Ports
204,Wi-Fi
204,Work Desk
205,Air Conditioning
205,Hair Dryer
205,In-Room Safe
205,Smart TV
205,USB-C Charging Ports
205,Wi-Fi
205,Work Desk
206,Air Conditioning
206,Hair Dryer
206,In-Room Safe
206,Mini Fridge
206,Smart TV
206,Wi-Fi
206,Work Desk
207,Air Conditioning
207,Coffee Machine
207,Hair Dryer
207,In-Room Safe
207,Smart TV
207,Wi-Fi
207,Work Desk
208,Air Conditioning
208,Coffee Machine
208,Hair Dryer
208,In-Room Safe
208,Mini Fridge
208,Smart TV
208,USB-C Charging Ports
208,Wi-Fi
208,Work Desk
209,Air Conditioning
209,Coffee Machine
209,Hair Dryer
209,Kitchenette
209,Microwave
209,Mini Fridge
209,Smart TV
209,Sofa Bed
209,USB-C Charging Ports
209,Wi-Fi
209,Work Desk
210,Air Conditioning
210,Bathtub
210,Coffee Machine
210,Hair Dryer
210,Microwave
210,Mini Fridge
210,Smart TV
210,Sofa Bed
210,USB-C Charging Ports
210,Wi-Fi
210,Work Desk
211,Air Conditioning
211,Balcony
211,Bathtub
211,Coffee Machine
211,Hair Dryer
211,Mini Fridge
211,Ocean View
211,Smart TV
211,Streaming Access
211,USB-C Charging Ports
211,Wi-Fi
211,Work Desk
212,Air Conditioning
212,Blackout Curtains
212,Coffee Machine
212,Hair Dryer
212,Mini Fridge
212,Smart TV
212,Wi-Fi
212,Work Desk
213,Accessible Shower
213,Air Conditioning
213,Hair Dryer
213,In-Room Safe
213,Lowered Fixtures
213,Smart TV
213,Wi-Fi
213,Work Desk
214,Air Conditioning
214,Coffee Machine
214,Hair Dryer
214,In-Room Safe
214,Printer Access
214,Smart TV
214,USB-C Charging Ports
214,Wi-Fi
214,Work Desk
215,Air Conditioning
215,Bathtub
215,Coffee Machine
215,Hair Dryer
215,Mini Fridge
215,Ocean View
215,Smart TV
215,Sofa Bed
215,USB-C Charging Ports
215,Wi-Fi
215,Work Desk
216,Air Conditioning
216,Balcony
216,Bathtub
216,Coffee Machine
216,Dining Area
216,Hair Dryer
216,Kitchenette
216,Microwave
216,Mini Fridge
216,Ocean View
216,Smart TV
216,Streaming Access
216,USB-C Charging Ports
216,Wi-Fi
216,Work Desk
217,Air Conditioning
217,Hair Dryer
217,In-Room Safe
217,Smart TV
217,USB-C Charging Ports
217,Wi-Fi
217,Work Desk
218,Air Conditioning
218,Hair Dryer
218,In-Room Safe
218,Mini Fridge
218,Smart TV
218,USB-C Charging Ports
218,Wi-Fi
218,Work Desk
219,Air Conditioning
219,Coffee Machine
219,Hair Dryer
219,In-Room Safe
219,Smart TV
219,Wi-Fi
219,Work Desk
220,Air Conditioning
220,Coffee Machine
220,Hair Dryer
220,In-Room Safe
220,Mini Fridge
220,Smart TV
220,Wi-Fi
220,Work Desk
221,Air Conditioning
221,Coffee Machine
221,Hair Dryer
221,Kitchenette
221,Microwave
221,Mini Fridge
221,Smart TV
221,Sofa Bed
221,USB-C Charging Ports
221,Wi-Fi
221,Work Desk
222,Air Conditioning
222,Bathtub
222,Coffee Machine
222,Hair Dryer
222,Microwave
222,Mini Fridge
222,Smart TV
222,Sofa Bed
222,USB-C Charging Ports
222,Wi-Fi
222,Work Desk
223,Air Conditioning
223,Balcony
223,Bathtub
223,Coffee Machine
223,Hair Dryer
223,Mini Fridge
223,Ocean View
223,Smart TV
223,Streaming Access
223,USB-C Charging Ports
223,Wi-Fi
223,Work Desk
224,Air Conditioning
224,Blackout Curtains
224,Coffee Machine
224,Hair Dryer
224,Mini Fridge
224,Smart TV
224,USB-C Charging Ports
224,Wi-Fi
224,Work Desk
225,Accessible Shower
225,Air Conditioning
225,Hair Dryer
225,In-Room Safe
225,Lowered Fixtures
225,Smart TV
225,USB-C Charging Ports
225,Wi-Fi
225,Work Desk
226,Air Conditioning
226,Coffee Machine
226,Hair Dryer
226,In-Room Safe
226,Printer Access
226,Smart TV
226,USB-C Charging Ports
226,Wi-Fi
226,Work Desk
227,Air Conditioning
227,Bathtub
227,Coffee Machine
227,Hair Dryer
227,Mini Fridge
227,Ocean View
227,Smart TV
227,Sofa Bed
227,Wi-Fi
227,Work Desk
228,Air Conditioning
228,Balcony
228,Bathtub
228,Coffee Machine
228,Dining Area
228,Hair Dryer
228,Kitchenette
228,Microwave
228,Mini Fridge
228,Ocean View
228,Smart TV
228,Streaming Access
228,Wi-Fi
228,Work Desk
229,Air Conditioning
229,Hair Dryer
229,In-Room Safe
229,Smart TV
229,USB-C Charging Ports
229,Wi-Fi
229,Work Desk
230,Air Conditioning
230,Hair Dryer
230,In-Room Safe
230,Mini Fridge
230,Smart TV
230,USB-C Charging Ports
230,Wi-Fi
230,Work Desk
231,Air Conditioning
231,Coffee Machine
231,Hair Dryer
231,In-Room Safe
231,Smart TV
231,USB-C Charging Ports
231,Wi-Fi
231,Work Desk
232,Air Conditioning
232,Coffee Machine
232,Hair Dryer
232,In-Room Safe
232,Mini Fridge
232,Smart TV
232,Wi-Fi
232,Work Desk
233,Air Conditioning
233,Coffee Machine
233,Hair Dryer
233,Kitchenette
233,Microwave
233,Mini Fridge
233,Smart TV
233,Sofa Bed
233,Wi-Fi
233,Work Desk
234,Air Conditioning
234,Bathtub
234,Coffee Machine
234,Hair Dryer
234,Microwave
234,Mini Fridge
234,Smart TV
234,Sofa Bed
234,USB-C Charging Ports
234,Wi-Fi
234,Work Desk
235,Air Conditioning
235,Balcony
235,Bathtub
235,Coffee Machine
235,Hair Dryer
235,Mini Fridge
235,Smart TV
235,Streaming Access
235,USB-C Charging Ports
235,Wi-Fi
235,Work Desk
236,Air Conditioning
236,Blackout Curtains
236,Coffee Machine
236,Hair Dryer
236,Mini Fridge
236,Smart TV
236,Wi-Fi
236,Work Desk
237,Accessible Shower
237,Air Conditioning
237,Hair Dryer
237,In-Room Safe
237,Lowered Fixtures
237,Smart TV
237,USB-C Charging Ports
237,Wi-Fi
237,Work Desk
238,Air Conditioning
238,Coffee Machine
238,Hair Dryer
238,In-Room Safe
238,Printer Access
238,Smart TV
238,USB-C Charging Ports
238,Wi-Fi
238,Work Desk
239,Air Conditioning
239,Bathtub
239,Coffee Machine
239,Hair Dryer
239,Mini Fridge
239,Smart TV
239,Sofa Bed
239,USB-C Charging Ports
239,Wi-Fi
239,Work Desk
240,Air Conditioning
240,Balcony
240,Bathtub
240,Coffee Machine
240,Dining Area
240,Hair Dryer
240,Kitchenette
240,Microwave
240,Mini Fridge
240,Smart TV
240,Streaming Access
240,USB-C Charging Ports
240,Wi-Fi
240,Work Desk
241,Air Conditioning
241,Hair Dryer
241,In-Room Safe
241,Smart TV
241,USB-C Charging Ports
241,Wi-Fi
241,Work Desk
242,Air Conditioning
242,Hair Dryer
242,In-Room Safe
242,Mini Fridge
242,Smart TV
242,USB-C Charging Ports
242,Wi-Fi
242,Work Desk
243,Air Conditioning
243,Coffee Machine
243,Hair Dryer
243,In-Room Safe
243,Smart TV
243,Wi-Fi
243,Work Desk
244,Air Conditioning
244,Coffee Machine
244,Hair Dryer
244,In-Room Safe
244,Mini Fridge
244,Smart TV
244,Wi-Fi
244,Work Desk
245,Air Conditioning
245,Coffee Machine
245,Hair Dryer
245,Kitchenette
245,Microwave
245,Mini Fridge
245,Smart TV
245,Sofa Bed
245,USB-C Charging Ports
245,Wi-Fi
245,Work Desk
246,Air Conditioning
246,Bathtub
246,Coffee Machine
246,Hair Dryer
246,Microwave
246,Mini Fridge
246,Smart TV
246,Sofa Bed
246,USB-C Charging Ports
246,Wi-Fi
246,Work Desk
247,Air Conditioning
247,Balcony
247,Bathtub
247,Coffee Machine
247,Hair Dryer
247,Mini Fridge
247,Smart TV
247,Streaming Access
247,Wi-Fi
247,Work Desk
248,Air Conditioning
248,Blackout Curtains
248,Coffee Machine
248,Hair Dryer
248,Mini Fridge
248,Smart TV
248,Wi-Fi
248,Work Desk
249,Accessible Shower
249,Air Conditioning
249,Hair Dryer
249,In-Room Safe
249,Lowered Fixtures
249,Smart TV
249,Wi-Fi
249,Work Desk
250,Air Conditioning
250,Coffee Machine
250,Hair Dryer
250,In-Room Safe
250,Printer Access
250,Smart TV
250,USB-C Charging Ports
250,Wi-Fi
250,Work Desk
251,Air Conditioning
251,Bathtub
251,Coffee Machine
251,Hair Dryer
251,Mini Fridge
251,Smart TV
251,Sofa Bed
251,USB-C Charging Ports
251,Wi-Fi
251,Work Desk
252,Air Conditioning
252,Balcony
252,Bathtub
252,Coffee Machine
252,Dining Area
252,Hair Dryer
252,Kitchenette
252,Microwave
252,Mini Fridge
252,Smart TV
252,Streaming Access
252,USB-C Charging Ports
252,Wi-Fi
252,Work Desk
253,Air Conditioning
253,Hair Dryer
253,In-Room Safe
253,Smart TV
253,USB-C Charging Ports
253,Wi-Fi
253,Work Desk
254,Air Conditioning
254,Hair Dryer
254,In-Room Safe
254,Mini Fridge
254,Smart TV
254,USB-C Charging Ports
254,Wi-Fi
254,Work Desk
255,Air Conditioning
255,Coffee Machine
255,Hair Dryer
255,In-Room Safe
255,Smart TV
255,USB-C Charging Ports
255,Wi-Fi
255,Work Desk
256,Air Conditioning
256,Coffee Machine
256,Hair Dryer
256,In-Room Safe
256,Mini Fridge
256,Smart TV
256,Wi-Fi
256,Work Desk
257,Air Conditioning
257,Coffee Machine
257,Hair Dryer
257,Kitchenette
257,Microwave
257,Mini Fridge
257,Smart TV
257,Sofa Bed
257,USB-C Charging Ports
257,Wi-Fi
257,Work Desk
258,Air Conditioning
258,Bathtub
258,Coffee Machine
258,Hair Dryer
258,Microwave
258,Mini Fridge
258,Smart TV
258,Sofa Bed
258,Wi-Fi
258,Work Desk
259,Air Conditioning
259,Balcony
259,Bathtub
259,Coffee Machine
259,Hair Dryer
259,Mini Fridge
259,Smart TV
259,Streaming Access
259,Wi-Fi
259,Work Desk
260,Air Conditioning
260,Blackout Curtains
260,Coffee Machine
260,Hair Dryer
260,Mini Fridge
260,Smart TV
260,USB-C Charging Ports
260,Wi-Fi
260,Work Desk
261,Accessible Shower
261,Air Conditioning
261,Hair Dryer
261,In-Room Safe
261,Lowered Fixtures
261,Smart TV
261,USB-C Charging Ports
261,Wi-Fi
261,Work Desk
262,Air Conditioning
262,Coffee Machine
262,Hair Dryer
262,In-Room Safe
262,Printer Access
262,Smart TV
262,USB-C Charging Ports
262,Wi-Fi
262,Work Desk
263,Air Conditioning
263,Bathtub
263,Coffee Machine
263,Hair Dryer
263,Mini Fridge
263,Smart TV
263,Sofa Bed
263,USB-C Charging Ports
263,Wi-Fi
263,Work Desk
264,Air Conditioning
264,Balcony
264,Bathtub
264,Coffee Machine
264,Dining Area
264,Hair Dryer
264,Kitchenette
264,Microwave
264,Mini Fridge
264,Smart TV
264,Streaming Access
264,USB-C Charging Ports
264,Wi-Fi
264,Work Desk
265,Air Conditioning
265,Hair Dryer
265,In-Room Safe
265,Smart TV
265,USB-C Charging Ports
265,Wi-Fi
265,Work Desk
266,Air Conditioning
266,Hair Dryer
266,In-Room Safe
266,Mini Fridge
266,Smart TV
266,USB-C Charging Ports
266,Wi-Fi
266,Work Desk
267,Air Conditioning
267,Coffee Machine
267,Hair Dryer
267,In-Room Safe
267,Smart TV
267,USB-C Charging Ports
267,Wi-Fi
267,Work Desk
268,Air Conditioning
268,Coffee Machine
268,Hair Dryer
268,In-Room Safe
268,Mini Fridge
268,Smart TV
268,Wi-Fi
268,Work Desk
269,Air Conditioning
269,Coffee Machine
269,Hair Dryer
269,Kitchenette
269,Microwave
269,Mini Fridge
269,Smart TV
269,Sofa Bed
269,Wi-Fi
269,Work Desk
270,Air Conditioning
270,Bathtub
270,Coffee Machine
270,Hair Dryer
270,Microwave
270,Mini Fridge
270,Smart TV
270,Sofa Bed
270,USB-C Charging Ports
270,Wi-Fi
270,Work Desk
271,Air Conditioning
271,Balcony
271,Bathtub
271,Coffee Machine
271,Hair Dryer
271,Mini Fridge
271,Smart TV
271,Streaming Access
271,USB-C Charging Ports
271,Wi-Fi
271,Work Desk
272,Air Conditioning
272,Blackout Curtains
272,Coffee Machine
272,Hair Dryer
272,Mini Fridge
272,Smart TV
272,Wi-Fi
272,Work Desk
273,Accessible Shower
273,Air Conditioning
273,Hair Dryer
273,In-Room Safe
273,Lowered Fixtures
273,Smart TV
273,USB-C Charging Ports
273,Wi-Fi
273,Work Desk
274,Air Conditioning
274,Coffee Machine
274,Hair Dryer
274,In-Room Safe
274,Printer Access
274,Smart TV
274,USB-C Charging Ports
274,Wi-Fi
274,Work Desk
275,Air Conditioning
275,Bathtub
275,Coffee Machine
275,Hair Dryer
275,Mini Fridge
275,Smart TV
275,Sofa Bed
275,USB-C Charging Ports
275,Wi-Fi
275,Work Desk
276,Air Conditioning
276,Balcony
276,Bathtub
276,Coffee Machine
276,Dining Area
276,Hair Dryer
276,Kitchenette
276,Microwave
276,Mini Fridge
276,Smart TV
276,Streaming Access
276,USB-C Charging Ports
276,Wi-Fi
276,Work Desk
277,Air Conditioning
277,Hair Dryer
277,In-Room Safe
277,Smart TV
277,USB-C Charging Ports
277,Wi-Fi
277,Work Desk
278,Air Conditioning
278,Hair Dryer
278,In-Room Safe
278,Mini Fridge
278,Smart TV
278,Wi-Fi
278,Work Desk
279,Air Conditioning
279,Coffee Machine
279,Hair Dryer
279,In-Room Safe
279,Smart TV
279,Wi-Fi
279,Work Desk
280,Air Conditioning
280,Coffee Machine
280,Hair Dryer
280,In-Room Safe
280,Mini Fridge
280,Smart TV
280,USB-C Charging Ports
280,Wi-Fi
280,Work Desk
281,Air Conditioning
281,Coffee Machine
281,Hair Dryer
281,Kitchenette
281,Microwave
281,Mini Fridge
281,Smart TV
281,Sofa Bed
281,USB-C Charging Ports
281,Wi-Fi
281,Work Desk
282,Air Conditioning
282,Bathtub
282,Coffee Machine
282,Hair Dryer
282,Microwave
282,Mini Fridge
282,Smart TV
282,Sofa Bed
282,USB-C Charging Ports
282,Wi-Fi
282,Work Desk
283,Air Conditioning
283,Balcony
283,Bathtub
283,Coffee Machine
283,Hair Dryer
283,Mini Fridge
283,Mountain View
283,Ocean View
283,Smart TV
283,Streaming Access
283,USB-C Charging Ports
283,Wi-Fi
283,Work Desk
284,Air Conditioning
284,Blackout Curtains
284,Coffee Machine
284,Hair Dryer
284,Mini Fridge
284,Mountain View
284,Smart TV
284,Wi-Fi
284,Work Desk
285,Accessible Shower
285,Air Conditioning
285,Hair Dryer
285,In-Room Safe
285,Lowered Fixtures
285,Smart TV
285,USB-C Charging Ports
285,Wi-Fi
285,Work Desk
286,Air Conditioning
286,Coffee Machine
286,Hair Dryer
286,In-Room Safe
286,Printer Access
286,Smart TV
286,USB-C Charging Ports
286,Wi-Fi
286,Work Desk
287,Air Conditioning
287,Bathtub
287,Coffee Machine
287,Hair Dryer
287,Mini Fridge
287,Ocean View
287,Smart TV
287,Sofa Bed
287,USB-C Charging Ports
287,Wi-Fi
287,Work Desk
288,Air Conditioning
288,Balcony
288,Bathtub
288,Coffee Machine
288,Dining Area
288,Hair Dryer
288,Kitchenette
288,Microwave
288,Mini Fridge
288,Ocean View
288,Smart TV
288,Streaming Access
288,Wi-Fi
288,Work Desk
289,Air Conditioning
289,Hair Dryer
289,In-Room Safe
289,Smart TV
289,USB-C Charging Ports
289,Wi-Fi
289,Work Desk
290,Air Conditioning
290,Hair Dryer
290,In-Room Safe
290,Mini Fridge
290,Smart TV
290,Wi-Fi
290,Work Desk
291,Air Conditioning
291,Coffee Machine
291,Hair Dryer
291,In-Room Safe
291,Smart TV
291,Wi-Fi
291,Work Desk
292,Air Conditioning
292,Coffee Machine
292,Hair Dryer
292,In-Room Safe
292,Mini Fridge
292,Smart TV
292,USB-C Charging Ports
292,Wi-Fi
292,Work Desk
293,Air Conditioning
293,Coffee Machine
293,Hair Dryer
293,Kitchenette
293,Microwave
293,Mini Fridge
293,Smart TV
293,Sofa Bed
293,USB-C Charging Ports
293,Wi-Fi
293,Work Desk
294,Air Conditioning
294,Bathtub
294,Coffee Machine
294,Hair Dryer
294,Microwave
294,Mini Fridge
294,Smart TV
294,Sofa Bed
294,Wi-Fi
294,Work Desk
295,Air Conditioning
295,Balcony
295,Bathtub
295,Coffee Machine
295,Hair Dryer
295,Mini Fridge
295,Smart TV
295,Streaming Access
295,USB-C Charging Ports
295,Wi-Fi
295,Work Desk
296,Air Conditioning
296,Blackout Curtains
296,Coffee Machine
296,Hair Dryer
296,Mini Fridge
296,Smart TV
296,Wi-Fi
296,Work Desk
297,Accessible Shower
297,Air Conditioning
297,Hair Dryer
297,In-Room Safe
297,Lowered Fixtures
297,Smart TV
297,Wi-Fi
297,Work Desk
298,Air Conditioning
298,Coffee Machine
298,Hair Dryer
298,In-Room Safe
298,Printer Access
298,Smart TV
298,USB-C Charging Ports
298,Wi-Fi
298,Work Desk
299,Air Conditioning
299,Bathtub
299,Coffee Machine
299,Hair Dryer
299,Mini Fridge
299,Smart TV
299,Sofa Bed
299,USB-C Charging Ports
299,Wi-Fi
299,Work Desk
300,Air Conditioning
300,Balcony
300,Bathtub
300,Coffee Machine
300,Dining Area
300,Hair Dryer
300,Kitchenette
300,Microwave
300,Mini Fridge
300,Smart TV
300,Streaming Access
300,USB-C Charging Ports
300,Wi-Fi
300,Work Desk
301,Air Conditioning
301,Hair Dryer
301,In-Room Safe
301,Smart TV
301,USB-C Charging Ports
301,Wi-Fi
301,Work Desk
302,Air Conditioning
302,Hair Dryer
302,In-Room Safe
302,Mini Fridge
302,Smart TV
302,USB-C Charging Ports
302,Wi-Fi
302,Work Desk
303,Air Conditioning
303,Coffee Machine
303,Hair Dryer
303,In-Room Safe
303,Smart TV
303,Wi-Fi
303,Work Desk
304,Air Conditioning
304,Coffee Machine
304,Hair Dryer
304,In-Room Safe
304,Mini Fridge
304,Smart TV
304,USB-C Charging Ports
304,Wi-Fi
304,Work Desk
305,Air Conditioning
305,Coffee Machine
305,Hair Dryer
305,Kitchenette
305,Microwave
305,Mini Fridge
305,Smart TV
305,Sofa Bed
305,USB-C Charging Ports
305,Wi-Fi
305,Work Desk
306,Air Conditioning
306,Bathtub
306,Coffee Machine
306,Hair Dryer
306,Microwave
306,Mini Fridge
306,Smart TV
306,Sofa Bed
306,USB-C Charging Ports
306,Wi-Fi
306,Work Desk
307,Air Conditioning
307,Balcony
307,Bathtub
307,Coffee Machine
307,Hair Dryer
307,Mini Fridge
307,Smart TV
307,Streaming Access
307,Wi-Fi
307,Work Desk
308,Air Conditioning
308,Blackout Curtains
308,Coffee Machine
308,Hair Dryer
308,Mini Fridge
308,Smart TV
308,USB-C Charging Ports
308,Wi-Fi
308,Work Desk
309,Accessible Shower
309,Air Conditioning
309,Hair Dryer
309,In-Room Safe
309,Lowered Fixtures
309,Smart TV
309,Wi-Fi
309,Work Desk
310,Air Conditioning
310,Coffee Machine
310,Hair Dryer
310,In-Room Safe
310,Printer Access
310,Smart TV
310,USB-C Charging Ports
310,Wi-Fi
310,Work Desk
311,Air Conditioning
311,Bathtub
311,Coffee Machine
311,Hair Dryer
311,Mini Fridge
311,Smart TV
311,Sofa Bed
311,Wi-Fi
311,Work Desk
312,Air Conditioning
312,Balcony
312,Bathtub
312,Coffee Machine
312,Dining Area
312,Hair Dryer
312,Kitchenette
312,Microwave
312,Mini Fridge
312,Smart TV
312,Streaming Access
312,USB-C Charging Ports
312,Wi-Fi
312,Work Desk
313,Air Conditioning
313,Hair Dryer
313,In-Room Safe
313,Smart TV
313,USB-C Charging Ports
313,Wi-Fi
313,Work Desk
314,Air Conditioning
314,Hair Dryer
314,In-Room Safe
314,Mini Fridge
314,Smart TV
314,Wi-Fi
314,Work Desk
315,Air Conditioning
315,Coffee Machine
315,Hair Dryer
315,In-Room Safe
315,Smart TV
315,Wi-Fi
315,Work Desk
316,Air Conditioning
316,Coffee Machine
316,Hair Dryer
316,In-Room Safe
316,Mini Fridge
316,Smart TV
316,Wi-Fi
316,Work Desk
317,Air Conditioning
317,Coffee Machine
317,Hair Dryer
317,Kitchenette
317,Microwave
317,Mini Fridge
317,Smart TV
317,Sofa Bed
317,USB-C Charging Ports
317,Wi-Fi
317,Work Desk
318,Air Conditioning
318,Bathtub
318,Coffee Machine
318,Hair Dryer
318,Microwave
318,Mini Fridge
318,Smart TV
318,Sofa Bed
318,Wi-Fi
318,Work Desk
319,Air Conditioning
319,Balcony
319,Bathtub
319,Coffee Machine
319,Hair Dryer
319,Mini Fridge
319,Ocean View
319,Smart TV
319,Streaming Access
319,USB-C Charging Ports
319,Wi-Fi
319,Work Desk
320,Air Conditioning
320,Blackout Curtains
320,Coffee Machine
320,Hair Dryer
320,Mini Fridge
320,Smart TV
320,USB-C Charging Ports
320,Wi-Fi
320,Work Desk
321,Accessible Shower
321,Air Conditioning
321,Hair Dryer
321,In-Room Safe
321,Lowered Fixtures
321,Smart TV
321,USB-C Charging Ports
321,Wi-Fi
321,Work Desk
322,Air Conditioning
322,Coffee Machine
322,Hair Dryer
322,In-Room Safe
322,Printer Access
322,Smart TV
322,USB-C Charging Ports
322,Wi-Fi
322,Work Desk
323,Air Conditioning
323,Bathtub
323,Coffee Machine
323,Hair Dryer
323,Mini Fridge
323,Ocean View
323,Smart TV
323,Sofa Bed
323,USB-C Charging Ports
323,Wi-Fi
323,Work Desk
324,Air Conditioning
324,Balcony
324,Bathtub
324,Coffee Machine
324,Dining Area
324,Hair Dryer
324,Kitchenette
324,Microwave
324,Mini Fridge
324,Ocean View
324,Smart TV
324,Streaming Access
324,USB-C Charging Ports
324,Wi-Fi
324,Work Desk
325,Air Conditioning
325,Hair Dryer
325,In-Room Safe
325,Smart TV
325,USB-C Charging Ports
325,Wi-Fi
325,Work Desk
326,Air Conditioning
326,Hair Dryer
326,In-Room Safe
326,Mini Fridge
326,Smart TV
326,USB-C Charging Ports
326,Wi-Fi
326,Work Desk
327,Air Conditioning
327,Coffee Machine
327,Hair Dryer
327,In-Room Safe
327,Smart TV
327,USB-C Charging Ports
327,Wi-Fi
327,Work Desk
328,Air Conditioning
328,Coffee Machine
328,Hair Dryer
328,In-Room Safe
328,Mini Fridge
328,Smart TV
328,Wi-Fi
328,Work Desk
329,Air Conditioning
329,Coffee Machine
329,Hair Dryer
329,Kitchenette
329,Microwave
329,Mini Fridge
329,Smart TV
329,Sofa Bed
329,USB-C Charging Ports
329,Wi-Fi
329,Work Desk
330,Air Conditioning
330,Bathtub
330,Coffee Machine
330,Hair Dryer
330,Microwave
330,Mini Fridge
330,Smart TV
330,Sofa Bed
330,Wi-Fi
330,Work Desk
331,Air Conditioning
331,Balcony
331,Bathtub
331,Coffee Machine
331,Hair Dryer
331,Mini Fridge
331,Smart TV
331,Streaming Access
331,Wi-Fi
331,Work Desk
332,Air Conditioning
332,Blackout Curtains
332,Coffee Machine
332,Hair Dryer
332,Mini Fridge
332,Smart TV
332,USB-C Charging Ports
332,Wi-Fi
332,Work Desk
333,Accessible Shower
333,Air Conditioning
333,Hair Dryer
333,In-Room Safe
333,Lowered Fixtures
333,Smart TV
333,USB-C Charging Ports
333,Wi-Fi
333,Work Desk
334,Air Conditioning
334,Coffee Machine
334,Hair Dryer
334,In-Room Safe
334,Printer Access
334,Smart TV
334,USB-C Charging Ports
334,Wi-Fi
334,Work Desk
335,Air Conditioning
335,Bathtub
335,Coffee Machine
335,Hair Dryer
335,Mini Fridge
335,Smart TV
335,Sofa Bed
335,USB-C Charging Ports
335,Wi-Fi
335,Work Desk
336,Air Conditioning
336,Balcony
336,Bathtub
336,Coffee Machine
336,Dining Area
336,Hair Dryer
336,Kitchenette
336,Microwave
336,Mini Fridge
336,Smart TV
336,Streaming Access
336,Wi-Fi
336,Work Desk
337,Air Conditioning
337,Hair Dryer
337,In-Room Safe
337,Smart TV
337,Wi-Fi
337,Work Desk
338,Air Conditioning
338,Hair Dryer
338,In-Room Safe
338,Mini Fridge
338,Smart TV
338,USB-C Charging Ports
338,Wi-Fi
338,Work Desk
339,Air Conditioning
339,Coffee Machine
339,Hair Dryer
339,In-Room Safe
339,Smart TV
339,Wi-Fi
339,Work Desk
340,Air Conditioning
340,Coffee Machine
340,Hair Dryer
340,In-Room Safe
340,Mini Fridge
340,Smart TV
340,USB-C Charging Ports
340,Wi-Fi
340,Work Desk
341,Air Conditioning
341,Coffee Machine
341,Hair Dryer
341,Kitchenette
341,Microwave
341,Mini Fridge
341,Smart TV
341,Sofa Bed
341,USB-C Charging Ports
341,Wi-Fi
341,Work Desk
342,Air Conditioning
342,Bathtub
342,Coffee Machine
342,Hair Dryer
342,Microwave
342,Mini Fridge
342,Smart TV
342,Sofa Bed
342,USB-C Charging Ports
342,Wi-Fi
342,Work Desk
343,Air Conditioning
343,Balcony
343,Bathtub
343,Coffee Machine
343,Hair Dryer
343,Mini Fridge
343,Smart TV
343,Streaming Access
343,Wi-Fi
343,Work Desk
344,Air Conditioning
344,Blackout Curtains
344,Coffee Machine
344,Hair Dryer
344,Mini Fridge
344,Smart TV
344,USB-C Charging Ports
344,Wi-Fi
344,Work Desk
345,Accessible Shower
345,Air Conditioning
345,Hair Dryer
345,In-Room Safe
345,Lowered Fixtures
345,Smart TV
345,Wi-Fi
345,Work Desk
346,Air Conditioning
346,Coffee Machine
346,Hair Dryer
346,In-Room Safe
346,Printer Access
346,Smart TV
346,USB-C Charging Ports
346,Wi-Fi
346,Work Desk
347,Air Conditioning
347,Bathtub
347,Coffee Machine
347,Hair Dryer
347,Mini Fridge
347,Smart TV
347,Sofa Bed
347,Wi-Fi
347,Work Desk
348,Air Conditioning
348,Balcony
348,Bathtub
348,Coffee Machine
348,Dining Area
348,Hair Dryer
348,Kitchenette
348,Microwave
348,Mini Fridge
348,Smart TV
348,Streaming Access
348,USB-C Charging Ports
348,Wi-Fi
348,Work Desk
349,Air Conditioning
349,Hair Dryer
349,In-Room Safe
349,Smart TV
349,Wi-Fi
349,Work Desk
350,Air Conditioning
350,Hair Dryer
350,In-Room Safe
350,Mini Fridge
350,Smart TV
350,USB-C Charging Ports
350,Wi-Fi
350,Work Desk
351,Air Conditioning
351,Coffee Machine
351,Hair Dryer
351,In-Room Safe
351,Smart TV
351,USB-C Charging Ports
351,Wi-Fi
351,Work Desk
352,Air Conditioning
352,Coffee Machine
352,Hair Dryer
352,In-Room Safe
352,Mini Fridge
352,Smart TV
352,Wi-Fi
352,Work Desk
353,Air Conditioning
353,Coffee Machine
353,Hair Dryer
353,Kitchenette
353,Microwave
353,Mini Fridge
353,Smart TV
353,Sofa Bed
353,USB-C Charging Ports
353,Wi-Fi
353,Work Desk
354,Air Conditioning
354,Bathtub
354,Coffee Machine
354,Hair Dryer
354,Microwave
354,Mini Fridge
354,Smart TV
354,Sofa Bed
354,Wi-Fi
354,Work Desk
355,Air Conditioning
355,Balcony
355,Bathtub
355,Coffee Machine
355,Hair Dryer
355,Mini Fridge
355,Mountain View
355,Smart TV
355,Streaming Access
355,USB-C Charging Ports
355,Wi-Fi
355,Work Desk
356,Air Conditioning
356,Blackout Curtains
356,Coffee Machine
356,Hair Dryer
356,Mini Fridge
356,Mountain View
356,Smart TV
356,USB-C Charging Ports
356,Wi-Fi
356,Work Desk
357,Accessible Shower
357,Air Conditioning
357,Hair Dryer
357,In-Room Safe
357,Lowered Fixtures
357,Smart TV
357,Wi-Fi
357,Work Desk
358,Air Conditioning
358,Coffee Machine
358,Hair Dryer
358,In-Room Safe
358,Printer Access
358,Smart TV
358,USB-C Charging Ports
358,Wi-Fi
358,Work Desk
359,Air Conditioning
359,Bathtub
359,Coffee Machine
359,Hair Dryer
359,Mini Fridge
359,Smart TV
359,Sofa Bed
359,Wi-Fi
359,Work Desk
360,Air Conditioning
360,Balcony
360,Bathtub
360,Coffee Machine
360,Dining Area
360,Hair Dryer
360,Kitchenette
360,Microwave
360,Mini Fridge
360,Smart TV
360,Streaming Access
360,USB-C Charging Ports
360,Wi-Fi
360,Work Desk
361,Air Conditioning
361,Hair Dryer
361,In-Room Safe
361,Smart TV
361,Wi-Fi
361,Work Desk
362,Air Conditioning
362,Hair Dryer
362,In-Room Safe
362,Mini Fridge
362,Smart TV
362,USB-C Charging Ports
362,Wi-Fi
362,Work Desk
363,Air Conditioning
363,Coffee Machine
363,Hair Dryer
363,In-Room Safe
363,Smart TV
363,Wi-Fi
363,Work Desk
364,Air Conditioning
364,Coffee Machine
364,Hair Dryer
364,In-Room Safe
364,Mini Fridge
364,Smart TV
364,Wi-Fi
364,Work Desk
365,Air Conditioning
365,Coffee Machine
365,Hair Dryer
365,Kitchenette
365,Microwave
365,Mini Fridge
365,Smart TV
365,Sofa Bed
365,USB-C Charging Ports
365,Wi-Fi
365,Work Desk
366,Air Conditioning
366,Bathtub
366,Coffee Machine
366,Hair Dryer
366,Microwave
366,Mini Fridge
366,Smart TV
366,Sofa Bed
366,USB-C Charging Ports
366,Wi-Fi
366,Work Desk
367,Air Conditioning
367,Balcony
367,Bathtub
367,Coffee Machine
367,Hair Dryer
367,Mini Fridge
367,Ocean View
367,Smart TV
367,Streaming Access
367,Wi-Fi
367,Work Desk
368,Air Conditioning
368,Blackout Curtains
368,Coffee Machine
368,Hair Dryer
368,Mini Fridge
368,Smart TV
368,Wi-Fi
368,Work Desk
369,Accessible Shower
369,Air Conditioning
369,Hair Dryer
369,In-Room Safe
369,Lowered Fixtures
369,Smart TV
369,USB-C Charging Ports
369,Wi-Fi
369,Work Desk
370,Air Conditioning
370,Coffee Machine
370,Hair Dryer
370,In-Room Safe
370,Printer Access
370,Smart TV
370,USB-C Charging Ports
370,Wi-Fi
370,Work Desk
371,Air Conditioning
371,Bathtub
371,Coffee Machine
371,Hair Dryer
371,Mini Fridge
371,Ocean View
371,Smart TV
371,Sofa Bed
371,USB-C Charging Ports
371,Wi-Fi
371,Work Desk
372,Air Conditioning
372,Balcony
372,Bathtub
372,Coffee Machine
372,Dining Area
372,Hair Dryer
372,Kitchenette
372,Microwave
372,Mini Fridge
372,Ocean View
372,Smart TV
372,Streaming Access
372,USB-C Charging Ports
372,Wi-Fi
372,Work Desk
373,Air Conditioning
373,Hair Dryer
373,In-Room Safe
373,Smart TV
373,Wi-Fi
373,Work Desk
374,Air Conditioning
374,Hair Dryer
374,In-Room Safe
374,Mini Fridge
374,Smart TV
374,Wi-Fi
374,Work Desk
375,Air Conditioning
375,Coffee Machine
375,Hair Dryer
375,In-Room Safe
375,Smart TV
375,Wi-Fi
375,Work Desk
376,Air Conditioning
376,Coffee Machine
376,Hair Dryer
376,In-Room Safe
376,Mini Fridge
376,Smart TV
376,USB-C Charging Ports
376,Wi-Fi
376,Work Desk
377,Air Conditioning
377,Coffee Machine
377,Hair Dryer
377,Kitchenette
377,Microwave
377,Mini Fridge
377,Smart TV
377,Sofa Bed
377,USB-C Charging Ports
377,Wi-Fi
377,Work Desk
378,Air Conditioning
378,Bathtub
378,Coffee Machine
378,Hair Dryer
378,Microwave
378,Mini Fridge
378,Smart TV
378,Sofa Bed
378,Wi-Fi
378,Work Desk
379,Air Conditioning
379,Balcony
379,Bathtub
379,Coffee Machine
379,Hair Dryer
379,Mini Fridge
379,Ocean View
379,Smart TV
379,Streaming Access
379,Wi-Fi
379,Work Desk
380,Air Conditioning
380,Blackout Curtains
380,Coffee Machine
380,Hair Dryer
380,Mini Fridge
380,Smart TV
380,USB-C Charging Ports
380,Wi-Fi
380,Work Desk
381,Accessible Shower
381,Air Conditioning
381,Hair Dryer
381,In-Room Safe
381,Lowered Fixtures
381,Smart TV
381,USB-C Charging Ports
381,Wi-Fi
381,Work Desk
382,Air Conditioning
382,Coffee Machine
382,Hair Dryer
382,In-Room Safe
382,Printer Access
382,Smart TV
382,USB-C Charging Ports
382,Wi-Fi
382,Work Desk
383,Air Conditioning
383,Bathtub
383,Coffee Machine
383,Hair Dryer
383,Mini Fridge
383,Ocean View
383,Smart TV
383,Sofa Bed
383,USB-C Charging Ports
383,Wi-Fi
383,Work Desk
384,Air Conditioning
384,Balcony
384,Bathtub
384,Coffee Machine
384,Dining Area
384,Hair Dryer
384,Kitchenette
384,Microwave
384,Mini Fridge
384,Ocean View
384,Smart TV
384,Streaming Access
384,USB-C Charging Ports
384,Wi-Fi
384,Work Desk
385,Air Conditioning
385,Hair Dryer
385,In-Room Safe
385,Smart TV
385,USB-C Charging Ports
385,Wi-Fi
385,Work Desk
386,Air Conditioning
386,Hair Dryer
386,In-Room Safe
386,Mini Fridge
386,Smart TV
386,Wi-Fi
386,Work Desk
387,Air Conditioning
387,Coffee Machine
387,Hair Dryer
387,In-Room Safe
387,Smart TV
387,Wi-Fi
387,Work Desk
388,Air Conditioning
388,Coffee Machine
388,Hair Dryer
388,In-Room Safe
388,Mini Fridge
388,Smart TV
388,Wi-Fi
388,Work Desk
389,Air Conditioning
389,Coffee Machine
389,Hair Dryer
389,Kitchenette
389,Microwave
389,Mini Fridge
389,Smart TV
389,Sofa Bed
389,Wi-Fi
389,Work Desk
390,Air Conditioning
390,Bathtub
390,Coffee Machine
390,Hair Dryer
390,Microwave
390,Mini Fridge
390,Smart TV
390,Sofa Bed
390,Wi-Fi
390,Work Desk
391,Air Conditioning
391,Balcony
391,Bathtub
391,Coffee Machine
391,Hair Dryer
391,Mini Fridge
391,Smart TV
391,Streaming Access
391,Wi-Fi
391,Work Desk
392,Air Conditioning
392,Blackout Curtains
392,Coffee Machine
392,Hair Dryer
392,Mini Fridge
392,Smart TV
392,USB-C Charging Ports
392,Wi-Fi
392,Work Desk
393,Accessible Shower
393,Air Conditioning
393,Hair Dryer
393,In-Room Safe
393,Lowered Fixtures
393,Smart TV
393,USB-C Charging Ports
393,Wi-Fi
393,Work Desk
394,Air Conditioning
394,Coffee Machine
394,Hair Dryer
394,In-Room Safe
394,Printer Access
394,Smart TV
394,USB-C Charging Ports
394,Wi-Fi
394,Work Desk
395,Air Conditioning
395,Bathtub
395,Coffee Machine
395,Hair Dryer
395,Mini Fridge
395,Smart TV
395,Sofa Bed
395,Wi-Fi
395,Work Desk
396,Air Conditioning
396,Balcony
396,Bathtub
396,Coffee Machine
396,Dining Area
396,Hair Dryer
396,Kitchenette
396,Microwave
396,Mini Fridge
396,Smart TV
396,Streaming Access
396,USB-C Charging Ports
396,Wi-Fi
396,Work Desk
397,Air Conditioning
397,Hair Dryer
397,In-Room Safe
397,Smart TV
397,USB-C Charging Ports
397,Wi-Fi
397,Work Desk
398,Air Conditioning
398,Hair Dryer
398,In-Room Safe
398,Mini Fridge
398,Smart TV
398,USB-C Charging Ports
398,Wi-Fi
398,Work Desk
399,Air Conditioning
399,Coffee Machine
399,Hair Dryer
399,In-Room Safe
399,Smart TV
399,Wi-Fi
399,Work Desk
400,Air Conditioning
400,Coffee Machine
400,Hair Dryer
400,In-Room Safe
400,Mini Fridge
400,Smart TV
400,USB-C Charging Ports
400,Wi-Fi
400,Work Desk
401,Air Conditioning
401,Coffee Machine
401,Hair Dryer
401,Kitchenette
401,Microwave
401,Mini Fridge
401,Smart TV
401,Sofa Bed
401,USB-C Charging Ports
401,Wi-Fi
401,Work Desk
402,Air Conditioning
402,Bathtub
402,Coffee Machine
402,Hair Dryer
402,Microwave
402,Mini Fridge
402,Smart TV
402,Sofa Bed
402,Wi-Fi
402,Work Desk
403,Air Conditioning
403,Balcony
403,Bathtub
403,Coffee Machine
403,Hair Dryer
403,Mini Fridge
403,Smart TV
403,Streaming Access
403,USB-C Charging Ports
403,Wi-Fi
403,Work Desk
404,Air Conditioning
404,Blackout Curtains
404,Coffee Machine
404,Hair Dryer
404,Mini Fridge
404,Smart TV
404,USB-C Charging Ports
404,Wi-Fi
404,Work Desk
405,Accessible Shower
405,Air Conditioning
405,Hair Dryer
405,In-Room Safe
405,Lowered Fixtures
405,Smart TV
405,Wi-Fi
405,Work Desk
406,Air Conditioning
406,Coffee Machine
406,Hair Dryer
406,In-Room Safe
406,Printer Access
406,Smart TV
406,USB-C Charging Ports
406,Wi-Fi
406,Work Desk
407,Air Conditioning
407,Bathtub
407,Coffee Machine
407,Hair Dryer
407,Mini Fridge
407,Smart TV
407,Sofa Bed
407,Wi-Fi
407,Work Desk
408,Air Conditioning
408,Balcony
408,Bathtub
408,Coffee Machine
408,Dining Area
408,Hair Dryer
408,Kitchenette
408,Microwave
408,Mini Fridge
408,Smart TV
408,Streaming Access
408,USB-C Charging Ports
408,Wi-Fi
408,Work Desk
409,Air Conditioning
409,Hair Dryer
409,In-Room Safe
409,Smart TV
409,USB-C Charging Ports
409,Wi-Fi
409,Work Desk
410,Air Conditioning
410,Hair Dryer
410,In-Room Safe
410,Mini Fridge
410,Smart TV
410,USB-C Charging Ports
410,Wi-Fi
410,Work Desk
411,Air Conditioning
411,Coffee Machine
411,Hair Dryer
411,In-Room Safe
411,Smart TV
411,USB-C Charging Ports
411,Wi-Fi
411,Work Desk
412,Air Conditioning
412,Coffee Machine
412,Hair Dryer
412,In-Room Safe
412,Mini Fridge
412,Smart TV
412,Wi-Fi
412,Work Desk
413,Air Conditioning
413,Coffee Machine
413,Hair Dryer
413,Kitchenette
413,Microwave
413,Mini Fridge
413,Smart TV
413,Sofa Bed
413,USB-C Charging Ports
413,Wi-Fi
413,Work Desk
414,Air Conditioning
414,Bathtub
414,Coffee Machine
414,Hair Dryer
414,Microwave
414,Mini Fridge
414,Smart TV
414,Sofa Bed
414,USB-C Charging Ports
414,Wi-Fi
414,Work Desk
415,Air Conditioning
415,Balcony
415,Bathtub
415,Coffee Machine
415,Hair Dryer
415,Mini Fridge
415,Smart TV
415,Streaming Access
415,Wi-Fi
415,Work Desk
416,Air Conditioning
416,Blackout Curtains
416,Coffee Machine
416,Hair Dryer
416,Mini Fridge
416,Smart TV
416,Wi-Fi
416,Work Desk
417,Accessible Shower
417,Air Conditioning
417,Hair Dryer
417,In-Room Safe
417,Lowered Fixtures
417,Smart TV
417,USB-C Charging Ports
417,Wi-Fi
417,Work Desk
418,Air Conditioning
418,Coffee Machine
418,Hair Dryer
418,In-Room Safe
418,Printer Access
418,Smart TV
418,USB-C Charging Ports
418,Wi-Fi
418,Work Desk
419,Air Conditioning
419,Bathtub
419,Coffee Machine
419,Hair Dryer
419,Mini Fridge
419,Smart TV
419,Sofa Bed
419,Wi-Fi
419,Work Desk
420,Air Conditioning
420,Balcony
420,Bathtub
420,Coffee Machine
420,Dining Area
420,Hair Dryer
420,Kitchenette
420,Microwave
420,Mini Fridge
420,Smart TV
420,Streaming Access
420,USB-C Charging Ports
420,Wi-Fi
420,Work Desk
421,Air Conditioning
421,Hair Dryer
421,In-Room Safe
421,Smart TV
421,Wi-Fi
421,Work Desk
422,Air Conditioning
422,Hair Dryer
422,In-Room Safe
422,Mini Fridge
422,Smart TV
422,Wi-Fi
422,Work Desk
423,Air Conditioning
423,Coffee Machine
423,Hair Dryer
423,In-Room Safe
423,Smart TV
423,USB-C Charging Ports
423,Wi-Fi
423,Work Desk
424,Air Conditioning
424,Coffee Machine
424,Hair Dryer
424,In-Room Safe
424,Mini Fridge
424,Smart TV
424,Wi-Fi
424,Work Desk
425,Air Conditioning
425,Coffee Machine
425,Hair Dryer
425,Kitchenette
425,Microwave
425,Mini Fridge
425,Smart TV
425,Sofa Bed
425,USB-C Charging Ports
425,Wi-Fi
425,Work Desk
426,Air Conditioning
426,Bathtub
426,Coffee Machine
426,Hair Dryer
426,Microwave
426,Mini Fridge
426,Smart TV
426,Sofa Bed
426,USB-C Charging Ports
426,Wi-Fi
426,Work Desk
427,Air Conditioning
427,Balcony
427,Bathtub
427,Coffee Machine
427,Hair Dryer
427,Mini Fridge
427,Smart TV
427,Streaming Access
427,Wi-Fi
427,Work Desk
428,Air Conditioning
428,Blackout Curtains
428,Coffee Machine
428,Hair Dryer
428,Mini Fridge
428,Smart TV
428,USB-C Charging Ports
428,Wi-Fi
428,Work Desk
429,Accessible Shower
429,Air Conditioning
429,Hair Dryer
429,In-Room Safe
429,Lowered Fixtures
429,Smart TV
429,USB-C Charging Ports
429,Wi-Fi
429,Work Desk
430,Air Conditioning
430,Coffee Machine
430,Hair Dryer
430,In-Room Safe
430,Printer Access
430,Smart TV
430,USB-C Charging Ports
430,Wi-Fi
430,Work Desk
431,Air Conditioning
431,Bathtub
431,Coffee Machine
431,Hair Dryer
431,Mini Fridge
431,Smart TV
431,Sofa Bed
431,USB-C Charging Ports
431,Wi-Fi
431,Work Desk
432,Air Conditioning
432,Balcony
432,Bathtub
432,Coffee Machine
432,Dining Area
432,Hair Dryer
432,Kitchenette
432,Microwave
432,Mini Fridge
432,Smart TV
432,Streaming Access
432,USB-C Charging Ports
432,Wi-Fi
432,Work Desk
433,Air Conditioning
433,Hair Dryer
433,In-Room Safe
433,Smart TV
433,USB-C Charging Ports
433,Wi-Fi
433,Work Desk
434,Air Conditioning
434,Hair Dryer
434,In-Room Safe
434,Mini Fridge
434,Smart TV
434,USB-C Charging Ports
434,Wi-Fi
434,Work Desk
435,Air Conditioning
435,Coffee Machine
435,Hair Dryer
435,In-Room Safe
435,Smart TV
435,USB-C Charging Ports
435,Wi-Fi
435,Work Desk
436,Air Conditioning
436,Coffee Machine
436,Hair Dryer
436,In-Room Safe
436,Mini Fridge
436,Smart TV
436,USB-C Charging Ports
436,Wi-Fi
436,Work Desk
437,Air Conditioning
437,Coffee Machine
437,Hair Dryer
437,Kitchenette
437,Microwave
437,Mini Fridge
437,Smart TV
437,Sofa Bed
437,USB-C Charging Ports
437,Wi-Fi
437,Work Desk
438,Air Conditioning
438,Bathtub
438,Coffee Machine
438,Hair Dryer
438,Microwave
438,Mini Fridge
438,Smart TV
438,Sofa Bed
438,USB-C Charging Ports
438,Wi-Fi
438,Work Desk
439,Air Conditioning
439,Balcony
439,Bathtub
439,Coffee Machine
439,Hair Dryer
439,Mini Fridge
439,Smart TV
439,Streaming Access
439,USB-C Charging Ports
439,Wi-Fi
439,Work Desk
440,Air Conditioning
440,Blackout Curtains
440,Coffee Machine
440,Hair Dryer
440,Mini Fridge
440,Smart TV
440,Wi-Fi
440,Work Desk
441,Accessible Shower
441,Air Conditioning
441,Hair Dryer
441,In-Room Safe
441,Lowered Fixtures
441,Smart TV
441,USB-C Charging Ports
441,Wi-Fi
441,Work Desk
442,Air Conditioning
442,Coffee Machine
442,Hair Dryer
442,In-Room Safe
442,Printer Access
442,Smart TV
442,USB-C Charging Ports
442,Wi-Fi
442,Work Desk
443,Air Conditioning
443,Bathtub
443,Coffee Machine
443,Hair Dryer
443,Mini Fridge
443,Smart TV
443,Sofa Bed
443,Wi-Fi
443,Work Desk
444,Air Conditioning
444,Balcony
444,Bathtub
444,Coffee Machine
444,Dining Area
444,Hair Dryer
444,Kitchenette
444,Microwave
444,Mini Fridge
444,Smart TV
444,Streaming Access
444,USB-C Charging Ports
444,Wi-Fi
444,Work Desk
445,Air Conditioning
445,Hair Dryer
445,In-Room Safe
445,Smart TV
445,Wi-Fi
445,Work Desk
446,Air Conditioning
446,Hair Dryer
446,In-Room Safe
446,Mini Fridge
446,Smart TV
446,USB-C Charging Ports
446,Wi-Fi
446,Work Desk
447,Air Conditioning
447,Coffee Machine
447,Hair Dryer
447,In-Room Safe
447,Smart TV
447,Wi-Fi
447,Work Desk
448,Air Conditioning
448,Coffee Machine
448,Hair Dryer
448,In-Room Safe
448,Mini Fridge
448,Smart TV
448,USB-C Charging Ports
448,Wi-Fi
448,Work Desk
449,Air Conditioning
449,Coffee Machine
449,Hair Dryer
449,Kitchenette
449,Microwave
449,Mini Fridge
449,Smart TV
449,Sofa Bed
449,USB-C Charging Ports
449,Wi-Fi
449,Work Desk
450,Air Conditioning
450,Bathtub
450,Coffee Machine
450,Hair Dryer
450,Microwave
450,Mini Fridge
450,Smart TV
450,Sofa Bed
450,USB-C Charging Ports
450,Wi-Fi
450,Work Desk
451,Air Conditioning
451,Balcony
451,Bathtub
451,Coffee Machine
451,Hair Dryer
451,Mini Fridge
451,Smart TV
451,Streaming Access
451,Wi-Fi
451,Work Desk
452,Air Conditioning
452,Blackout Curtains
452,Coffee Machine
452,Hair Dryer
452,Mini Fridge
452,Smart TV
452,USB-C Charging Ports
452,Wi-Fi
452,Work Desk
453,Accessible Shower
453,Air Conditioning
453,Hair Dryer
453,In-Room Safe
453,Lowered Fixtures
453,Smart TV
453,USB-C Charging Ports
453,Wi-Fi
453,Work Desk
454,Air Conditioning
454,Coffee Machine
454,Hair Dryer
454,In-Room Safe
454,Printer Access
454,Smart TV
454,USB-C Charging Ports
454,Wi-Fi
454,Work Desk
455,Air Conditioning
455,Bathtub
455,Coffee Machine
455,Hair Dryer
455,Mini Fridge
455,Smart TV
455,Sofa Bed
455,USB-C Charging Ports
455,Wi-Fi
455,Work Desk
456,Air Conditioning
456,Balcony
456,Bathtub
456,Coffee Machine
456,Dining Area
456,Hair Dryer
456,Kitchenette
456,Microwave
456,Mini Fridge
456,Smart TV
456,Streaming Access
456,USB-C Charging Ports
456,Wi-Fi
456,Work Desk
457,Air Conditioning
457,Hair Dryer
457,In-Room Safe
457,Smart TV
457,Wi-Fi
457,Work Desk
458,Air Conditioning
458,Hair Dryer
458,In-Room Safe
458,Mini Fridge
458,Smart TV
458,USB-C Charging Ports
458,Wi-Fi
458,Work Desk
459,Air Conditioning
459,Coffee Machine
459,Hair Dryer
459,In-Room Safe
459,Smart TV
459,USB-C Charging Ports
459,Wi-Fi
459,Work Desk
460,Air Conditioning
460,Coffee Machine
460,Hair Dryer
460,In-Room Safe
460,Mini Fridge
460,Smart TV
460,Wi-Fi
460,Work Desk
461,Air Conditioning
461,Coffee Machine
461,Hair Dryer
461,Kitchenette
461,Microwave
461,Mini Fridge
461,Smart TV
461,Sofa Bed
461,Wi-Fi
461,Work Desk
462,Air Conditioning
462,Bathtub
462,Coffee Machine
462,Hair Dryer
462,Microwave
462,Mini Fridge
462,Smart TV
462,Sofa Bed
462,USB-C Charging Ports
462,Wi-Fi
462,Work Desk
463,Air Conditioning
463,Balcony
463,Bathtub
463,Coffee Machine
463,Hair Dryer
463,Mini Fridge
463,Smart TV
463,Streaming Access
463,Wi-Fi
463,Work Desk
464,Air Conditioning
464,Blackout Curtains
464,Coffee Machine
464,Hair Dryer
464,Mini Fridge
464,Smart TV
464,USB-C Charging Ports
464,Wi-Fi
464,Work Desk
465,Accessible Shower
465,Air Conditioning
465,Hair Dryer
465,In-Room Safe
465,Lowered Fixtures
465,Smart TV
465,USB-C Charging Ports
465,Wi-Fi
465,Work Desk
466,Air Conditioning
466,Coffee Machine
466,Hair Dryer
466,In-Room Safe
466,Printer Access
466,Smart TV
466,USB-C Charging Ports
466,Wi-Fi
466,Work Desk
467,Air Conditioning
467,Bathtub
467,Coffee Machine
467,Hair Dryer
467,Mini Fridge
467,Smart TV
467,Sofa Bed
467,Wi-Fi
467,Work Desk
468,Air Conditioning
468,Balcony
468,Bathtub
468,Coffee Machine
468,Dining Area
468,Hair Dryer
468,Kitchenette
468,Microwave
468,Mini Fridge
468,Smart TV
468,Streaming Access
468,Wi-Fi
468,Work Desk
469,Air Conditioning
469,Hair Dryer
469,In-Room Safe
469,Smart TV
469,USB-C Charging Ports
469,Wi-Fi
469,Work Desk
470,Air Conditioning
470,Hair Dryer
470,In-Room Safe
470,Mini Fridge
470,Smart TV
470,USB-C Charging Ports
470,Wi-Fi
470,Work Desk
471,Air Conditioning
471,Coffee Machine
471,Hair Dryer
471,In-Room Safe
471,Smart TV
471,USB-C Charging Ports
471,Wi-Fi
471,Work Desk
472,Air Conditioning
472,Coffee Machine
472,Hair Dryer
472,In-Room Safe
472,Mini Fridge
472,Smart TV
472,USB-C Charging Ports
472,Wi-Fi
472,Work Desk
473,Air Conditioning
473,Coffee Machine
473,Hair Dryer
473,Kitchenette
473,Microwave
473,Mini Fridge
473,Smart TV
473,Sofa Bed
473,USB-C Charging Ports
473,Wi-Fi
473,Work Desk
474,Air Conditioning
474,Bathtub
474,Coffee Machine
474,Hair Dryer
474,Microwave
474,Mini Fridge
474,Smart TV
474,Sofa Bed
474,USB-C Charging Ports
474,Wi-Fi
474,Work Desk
475,Air Conditioning
475,Balcony
475,Bathtub
475,Coffee Machine
475,Hair Dryer
475,Mini Fridge
475,Mountain View
475,Smart TV
475,Streaming Access
475,USB-C Charging Ports
475,Wi-Fi
475,Work Desk
476,Air Conditioning
476,Blackout Curtains
476,Coffee Machine
476,Hair Dryer
476,Mini Fridge
476,Mountain View
476,Smart TV
476,USB-C Charging Ports
476,Wi-Fi
476,Work Desk
477,Accessible Shower
477,Air Conditioning
477,Hair Dryer
477,In-Room Safe
477,Lowered Fixtures
477,Smart TV
477,Wi-Fi
477,Work Desk
478,Air Conditioning
478,Coffee Machine
478,Hair Dryer
478,In-Room Safe
478,Printer Access
478,Smart TV
478,USB-C Charging Ports
478,Wi-Fi
478,Work Desk
479,Air Conditioning
479,Bathtub
479,Coffee Machine
479,Hair Dryer
479,Mini Fridge
479,Smart TV
479,Sofa Bed
479,Wi-Fi
479,Work Desk
480,Air Conditioning
480,Balcony
480,Bathtub
480,Coffee Machine
480,Dining Area
480,Hair Dryer
480,Kitchenette
480,Microwave
480,Mini Fridge
480,Smart TV
480,Streaming Access
480,Wi-Fi
480,Work Desk
481,Air Conditioning
481,Hair Dryer
481,In-Room Safe
481,Smart TV
481,USB-C Charging Ports
481,Wi-Fi
481,Work Desk
482,Air Conditioning
482,Hair Dryer
482,In-Room Safe
482,Mini Fridge
482,Smart TV
482,Wi-Fi
482,Work Desk
483,Air Conditioning
483,Coffee Machine
483,Hair Dryer
483,In-Room Safe
483,Smart TV
483,Wi-Fi
483,Work Desk
484,Air Conditioning
484,Coffee Machine
484,Hair Dryer
484,In-Room Safe
484,Mini Fridge
484,Smart TV
484,Wi-Fi
484,Work Desk
485,Air Conditioning
485,Coffee Machine
485,Hair Dryer
485,Kitchenette
485,Microwave
485,Mini Fridge
485,Smart TV
485,Sofa Bed
485,USB-C Charging Ports
485,Wi-Fi
485,Work Desk
486,Air Conditioning
486,Bathtub
486,Coffee Machine
486,Hair Dryer
486,Microwave
486,Mini Fridge
486,Smart TV
486,Sofa Bed
486,USB-C Charging Ports
486,Wi-Fi
486,Work Desk
487,Air Conditioning
487,Balcony
487,Bathtub
487,Coffee Machine
487,Hair Dryer
487,Mini Fridge
487,Smart TV
487,Streaming Access
487,USB-C Charging Ports
487,Wi-Fi
487,Work Desk
488,Air Conditioning
488,Blackout Curtains
488,Coffee Machine
488,Hair Dryer
488,Mini Fridge
488,Smart TV
488,USB-C Charging Ports
488,Wi-Fi
488,Work Desk
489,Accessible Shower
489,Air Conditioning
489,Hair Dryer
489,In-Room Safe
489,Lowered Fixtures
489,Smart TV
489,USB-C Charging Ports
489,Wi-Fi
489,Work Desk
490,Air Conditioning
490,Coffee Machine
490,Hair Dryer
490,In-Room Safe
490,Printer Access
490,Smart TV
490,USB-C Charging Ports
490,Wi-Fi
490,Work Desk
491,Air Conditioning
491,Bathtub
491,Coffee Machine
491,Hair Dryer
491,Mini Fridge
491,Smart TV
491,Sofa Bed
491,Wi-Fi
491,Work Desk
492,Air Conditioning
492,Balcony
492,Bathtub
492,Coffee Machine
492,Dining Area
492,Hair Dryer
492,Kitchenette
492,Microwave
492,Mini Fridge
492,Smart TV
492,Streaming Access
492,USB-C Charging Ports
492,Wi-Fi
492,Work Desk
493,Air Conditioning
493,Hair Dryer
493,In-Room Safe
493,Smart TV
493,USB-C Charging Ports
493,Wi-Fi
493,Work Desk
494,Air Conditioning
494,Hair Dryer
494,In-Room Safe
494,Mini Fridge
494,Smart TV
494,Wi-Fi
494,Work Desk
495,Air Conditioning
495,Coffee Machine
495,Hair Dryer
495,In-Room Safe
495,Smart TV
495,USB-C Charging Ports
495,Wi-Fi
495,Work Desk
496,Air Conditioning
496,Coffee Machine
496,Hair Dryer
496,In-Room Safe
496,Mini Fridge
496,Smart TV
496,Wi-Fi
496,Work Desk
497,Air Conditioning
497,Coffee Machine
497,Hair Dryer
497,Kitchenette
497,Microwave
497,Mini Fridge
497,Smart TV
497,Sofa Bed
497,Wi-Fi
497,Work Desk
498,Air Conditioning
498,Bathtub
498,Coffee Machine
498,Hair Dryer
498,Microwave
498,Mini Fridge
498,Smart TV
498,Sofa Bed
498,USB-C Charging Ports
498,Wi-Fi
498,Work Desk
499,Air Conditioning
499,Balcony
499,Bathtub
499,Coffee Machine
499,Hair Dryer
499,Mini Fridge
499,Smart TV
499,Streaming Access
499,USB-C Charging Ports
499,Wi-Fi
499,Work Desk
500,Air Conditioning
500,Blackout Curtains
500,Coffee Machine
500,Hair Dryer
500,Mini Fridge
500,Smart TV
500,USB-C Charging Ports
500,Wi-Fi
500,Work Desk
501,Accessible Shower
501,Air Conditioning
501,Hair Dryer
501,In-Room Safe
501,Lowered Fixtures
501,Smart TV
501,USB-C Charging Ports
501,Wi-Fi
501,Work Desk
502,Air Conditioning
502,Coffee Machine
502,Hair Dryer
502,In-Room Safe
502,Printer Access
502,Smart TV
502,USB-C Charging Ports
502,Wi-Fi
502,Work Desk
503,Air Conditioning
503,Bathtub
503,Coffee Machine
503,Hair Dryer
503,Mini Fridge
503,Smart TV
503,Sofa Bed
503,USB-C Charging Ports
503,Wi-Fi
503,Work Desk
504,Air Conditioning
504,Balcony
504,Bathtub
504,Coffee Machine
504,Dining Area
504,Hair Dryer
504,Kitchenette
504,Microwave
504,Mini Fridge
504,Smart TV
504,Streaming Access
504,USB-C Charging Ports
504,Wi-Fi
504,Work Desk
505,Air Conditioning
505,Hair Dryer
505,In-Room Safe
505,Smart TV
505,USB-C Charging Ports
505,Wi-Fi
505,Work Desk
506,Air Conditioning
506,Hair Dryer
506,In-Room Safe
506,Mini Fridge
506,Smart TV
506,USB-C Charging Ports
506,Wi-Fi
506,Work Desk
507,Air Conditioning
507,Coffee Machine
507,Hair Dryer
507,In-Room Safe
507,Smart TV
507,USB-C Charging Ports
507,Wi-Fi
507,Work Desk
508,Air Conditioning
508,Coffee Machine
508,Hair Dryer
508,In-Room Safe
508,Mini Fridge
508,Smart TV
508,USB-C Charging Ports
508,Wi-Fi
508,Work Desk
509,Air Conditioning
509,Coffee Machine
509,Hair Dryer
509,Kitchenette
509,Microwave
509,Mini Fridge
509,Smart TV
509,Sofa Bed
509,USB-C Charging Ports
509,Wi-Fi
509,Work Desk
510,Air Conditioning
510,Bathtub
510,Coffee Machine
510,Hair Dryer
510,Microwave
510,Mini Fridge
510,Smart TV
510,Sofa Bed
510,USB-C Charging Ports
510,Wi-Fi
510,Work Desk
511,Air Conditioning
511,Balcony
511,Bathtub
511,Coffee Machine
511,Hair Dryer
511,Mini Fridge
511,Ocean View
511,Smart TV
511,Streaming Access
511,Wi-Fi
511,Work Desk
512,Air Conditioning
512,Blackout Curtains
512,Coffee Machine
512,Hair Dryer
512,Mini Fridge
512,Smart TV
512,USB-C Charging Ports
512,Wi-Fi
512,Work Desk
513,Accessible Shower
513,Air Conditioning
513,Hair Dryer
513,In-Room Safe
513,Lowered Fixtures
513,Smart TV
513,Wi-Fi
513,Work Desk
514,Air Conditioning
514,Coffee Machine
514,Hair Dryer
514,In-Room Safe
514,Printer Access
514,Smart TV
514,USB-C Charging Ports
514,Wi-Fi
514,Work Desk
515,Air Conditioning
515,Bathtub
515,Coffee Machine
515,Hair Dryer
515,Mini Fridge
515,Ocean View
515,Smart TV
515,Sofa Bed
515,USB-C Charging Ports
515,Wi-Fi
515,Work Desk
516,Air Conditioning
516,Balcony
516,Bathtub
516,Coffee Machine
516,Dining Area
516,Hair Dryer
516,Kitchenette
516,Microwave
516,Mini Fridge
516,Ocean View
516,Smart TV
516,Streaming Access
516,USB-C Charging Ports
516,Wi-Fi
516,Work Desk
517,Air Conditioning
517,Hair Dryer
517,In-Room Safe
517,Smart TV
517,Wi-Fi
517,Work Desk
518,Air Conditioning
518,Hair Dryer
518,In-Room Safe
518,Mini Fridge
518,Smart TV
518,USB-C Charging Ports
518,Wi-Fi
518,Work Desk
519,Air Conditioning
519,Coffee Machine
519,Hair Dryer
519,In-Room Safe
519,Smart TV
519,USB-C Charging Ports
519,Wi-Fi
519,Work Desk
520,Air Conditioning
520,Coffee Machine
520,Hair Dryer
520,In-Room Safe
520,Mini Fridge
520,Smart TV
520,Wi-Fi
520,Work Desk
521,Air Conditioning
521,Coffee Machine
521,Hair Dryer
521,Kitchenette
521,Microwave
521,Mini Fridge
521,Smart TV
521,Sofa Bed
521,USB-C Charging Ports
521,Wi-Fi
521,Work Desk
522,Air Conditioning
522,Bathtub
522,Coffee Machine
522,Hair Dryer
522,Microwave
522,Mini Fridge
522,Smart TV
522,Sofa Bed
522,Wi-Fi
522,Work Desk
523,Air Conditioning
523,Balcony
523,Bathtub
523,Coffee Machine
523,Hair Dryer
523,Mini Fridge
523,Mountain View
523,Smart TV
523,Streaming Access
523,USB-C Charging Ports
523,Wi-Fi
523,Work Desk
524,Air Conditioning
524,Blackout Curtains
524,Coffee Machine
524,Hair Dryer
524,Mini Fridge
524,Mountain View
524,Smart TV
524,USB-C Charging Ports
524,Wi-Fi
524,Work Desk
525,Accessible Shower
525,Air Conditioning
525,Hair Dryer
525,In-Room Safe
525,Lowered Fixtures
525,Smart TV
525,Wi-Fi
525,Work Desk
526,Air Conditioning
526,Coffee Machine
526,Hair Dryer
526,In-Room Safe
526,Printer Access
526,Smart TV
526,USB-C Charging Ports
526,Wi-Fi
526,Work Desk
527,Air Conditioning
527,Bathtub
527,Coffee Machine
527,Hair Dryer
527,Mini Fridge
527,Smart TV
527,Sofa Bed
527,USB-C Charging Ports
527,Wi-Fi
527,Work Desk
528,Air Conditioning
528,Balcony
528,Bathtub
528,Coffee Machine
528,Dining Area
528,Hair Dryer
528,Kitchenette
528,Microwave
528,Mini Fridge
528,Smart TV
528,Streaming Access
528,Wi-Fi
528,Work Desk
529,Air Conditioning
529,Hair Dryer
529,In-Room Safe
529,Smart TV
529,USB-C Charging Ports
529,Wi-Fi
529,Work Desk
530,Air Conditioning
530,Hair Dryer
530,In-Room Safe
530,Mini Fridge
530,Smart TV
530,Wi-Fi
530,Work Desk
531,Air Conditioning
531,Coffee Machine
531,Hair Dryer
531,In-Room Safe
531,Smart TV
531,Wi-Fi
531,Work Desk
532,Air Conditioning
532,Coffee Machine
532,Hair Dryer
532,In-Room Safe
532,Mini Fridge
532,Smart TV
532,USB-C Charging Ports
532,Wi-Fi
532,Work Desk
533,Air Conditioning
533,Coffee Machine
533,Hair Dryer
533,Kitchenette
533,Microwave
533,Mini Fridge
533,Smart TV
533,Sofa Bed
533,USB-C Charging Ports
533,Wi-Fi
533,Work Desk
534,Air Conditioning
534,Bathtub
534,Coffee Machine
534,Hair Dryer
534,Microwave
534,Mini Fridge
534,Smart TV
534,Sofa Bed
534,USB-C Charging Ports
534,Wi-Fi
534,Work Desk
535,Air Conditioning
535,Balcony
535,Bathtub
535,Coffee Machine
535,Hair Dryer
535,Mini Fridge
535,Smart TV
535,Streaming Access
535,USB-C Charging Ports
535,Wi-Fi
535,Work Desk
536,Air Conditioning
536,Blackout Curtains
536,Coffee Machine
536,Hair Dryer
536,Mini Fridge
536,Smart TV
536,USB-C Charging Ports
536,Wi-Fi
536,Work Desk
537,Accessible Shower
537,Air Conditioning
537,Hair Dryer
537,In-Room Safe
537,Lowered Fixtures
537,Smart TV
537,USB-C Charging Ports
537,Wi-Fi
537,Work Desk
538,Air Conditioning
538,Coffee Machine
538,Hair Dryer
538,In-Room Safe
538,Printer Access
538,Smart TV
538,USB-C Charging Ports
538,Wi-Fi
538,Work Desk
539,Air Conditioning
539,Bathtub
539,Coffee Machine
539,Hair Dryer
539,Mini Fridge
539,Smart TV
539,Sofa Bed
539,Wi-Fi
539,Work Desk
540,Air Conditioning
540,Balcony
540,Bathtub
540,Coffee Machine
540,Dining Area
540,Hair Dryer
540,Kitchenette
540,Microwave
540,Mini Fridge
540,Smart TV
540,Streaming Access
540,USB-C Charging Ports
540,Wi-Fi
540,Work Desk
541,Air Conditioning
541,Hair Dryer
541,In-Room Safe
541,Smart TV
541,USB-C Charging Ports
541,Wi-Fi
541,Work Desk
542,Air Conditioning
542,Hair Dryer
542,In-Room Safe
542,Mini Fridge
542,Smart TV
542,USB-C Charging Ports
542,Wi-Fi
542,Work Desk
543,Air Conditioning
543,Coffee Machine
543,Hair Dryer
543,In-Room Safe
543,Smart TV
543,Wi-Fi
543,Work Desk
544,Air Conditioning
544,Coffee Machine
544,Hair Dryer
544,In-Room Safe
544,Mini Fridge
544,Smart TV
544,USB-C Charging Ports
544,Wi-Fi
544,Work Desk
545,Air Conditioning
545,Coffee Machine
545,Hair Dryer
545,Kitchenette
545,Microwave
545,Mini Fridge
545,Smart TV
545,Sofa Bed
545,Wi-Fi
545,Work Desk
546,Air Conditioning
546,Bathtub
546,Coffee Machine
546,Hair Dryer
546,Microwave
546,Mini Fridge
546,Smart TV
546,Sofa Bed
546,USB-C Charging Ports
546,Wi-Fi
546,Work Desk
547,Air Conditioning
547,Balcony
547,Bathtub
547,Coffee Machine
547,Hair Dryer
547,Mini Fridge
547,Mountain View
547,Smart TV
547,Streaming Access
547,Wi-Fi
547,Work Desk
548,Air Conditioning
548,Blackout Curtains
548,Coffee Machine
548,Hair Dryer
548,Mini Fridge
548,Mountain View
548,Smart TV
548,USB-C Charging Ports
548,Wi-Fi
548,Work Desk
549,Accessible Shower
549,Air Conditioning
549,Hair Dryer
549,In-Room Safe
549,Lowered Fixtures
549,Smart TV
549,USB-C Charging Ports
549,Wi-Fi
549,Work Desk
550,Air Conditioning
550,Coffee Machine
550,Hair Dryer
550,In-Room Safe
550,Printer Access
550,Smart TV
550,USB-C Charging Ports
550,Wi-Fi
550,Work Desk
551,Air Conditioning
551,Bathtub
551,Coffee Machine
551,Hair Dryer
551,Mini Fridge
551,Smart TV
551,Sofa Bed
551,USB-C Charging Ports
551,Wi-Fi
551,Work Desk
552,Air Conditioning
552,Balcony
552,Bathtub
552,Coffee Machine
552,Dining Area
552,Hair Dryer
552,Kitchenette
552,Microwave
552,Mini Fridge
552,Smart TV
552,Streaming Access
552,USB-C Charging Ports
552,Wi-Fi
552,Work Desk
553,Air Conditioning
553,Hair Dryer
553,In-Room Safe
553,Smart TV
553,Wi-Fi
553,Work Desk
554,Air Conditioning
554,Hair Dryer
554,In-Room Safe
554,Mini Fridge
554,Smart TV
554,Wi-Fi
554,Work Desk
555,Air Conditioning
555,Coffee Machine
555,Hair Dryer
555,In-Room Safe
555,Smart TV
555,USB-C Charging Ports
555,Wi-Fi
555,Work Desk
556,Air Conditioning
556,Coffee Machine
556,Hair Dryer
556,In-Room Safe
556,Mini Fridge
556,Smart TV
556,USB-C Charging Ports
556,Wi-Fi
556,Work Desk
557,Air Conditioning
557,Coffee Machine
557,Hair Dryer
557,Kitchenette
557,Microwave
557,Mini Fridge
557,Smart TV
557,Sofa Bed
557,Wi-Fi
557,Work Desk
558,Air Conditioning
558,Bathtub
558,Coffee Machine
558,Hair Dryer
558,Microwave
558,Mini Fridge
558,Smart TV
558,Sofa Bed
558,USB-C Charging Ports
558,Wi-Fi
558,Work Desk
559,Air Conditioning
559,Balcony
559,Bathtub
559,Coffee Machine
559,Hair Dryer
559,Mini Fridge
559,Ocean View
559,Smart TV
559,Streaming Access
559,Wi-Fi
559,Work Desk
560,Air Conditioning
560,Blackout Curtains
560,Coffee Machine
560,Hair Dryer
560,Mini Fridge
560,Smart TV
560,Wi-Fi
560,Work Desk
561,Accessible Shower
561,Air Conditioning
561,Hair Dryer
561,In-Room Safe
561,Lowered Fixtures
561,Smart TV
561,USB-C Charging Ports
561,Wi-Fi
561,Work Desk
562,Air Conditioning
562,Coffee Machine
562,Hair Dryer
562,In-Room Safe
562,Printer Access
562,Smart TV
562,USB-C Charging Ports
562,Wi-Fi
562,Work Desk
563,Air Conditioning
563,Bathtub
563,Coffee Machine
563,Hair Dryer
563,Mini Fridge
563,Ocean View
563,Smart TV
563,Sofa Bed
563,Wi-Fi
563,Work Desk
564,Air Conditioning
564,Balcony
564,Bathtub
564,Coffee Machine
564,Dining Area
564,Hair Dryer
564,Kitchenette
564,Microwave
564,Mini Fridge
564,Ocean View
564,Smart TV
564,Streaming Access
564,USB-C Charging Ports
564,Wi-Fi
564,Work Desk
565,Air Conditioning
565,Hair Dryer
565,In-Room Safe
565,Smart TV
565,USB-C Charging Ports
565,Wi-Fi
565,Work Desk
566,Air Conditioning
566,Hair Dryer
566,In-Room Safe
566,Mini Fridge
566,Smart TV
566,USB-C Charging Ports
566,Wi-Fi
566,Work Desk
567,Air Conditioning
567,Coffee Machine
567,Hair Dryer
567,In-Room Safe
567,Smart TV
567,USB-C Charging Ports
567,Wi-Fi
567,Work Desk
568,Air Conditioning
568,Coffee Machine
568,Hair Dryer
568,In-Room Safe
568,Mini Fridge
568,Smart TV
568,USB-C Charging Ports
568,Wi-Fi
568,Work Desk
569,Air Conditioning
569,Coffee Machine
569,Hair Dryer
569,Kitchenette
569,Microwave
569,Mini Fridge
569,Smart TV
569,Sofa Bed
569,USB-C Charging Ports
569,Wi-Fi
569,Work Desk
570,Air Conditioning
570,Bathtub
570,Coffee Machine
570,Hair Dryer
570,Microwave
570,Mini Fridge
570,Smart TV
570,Sofa Bed
570,Wi-Fi
570,Work Desk
571,Air Conditioning
571,Balcony
571,Bathtub
571,Coffee Machine
571,Hair Dryer
571,Mini Fridge
571,Smart TV
571,Streaming Access
571,USB-C Charging Ports
571,Wi-Fi
571,Work Desk
572,Air Conditioning
572,Blackout Curtains
572,Coffee Machine
572,Hair Dryer
572,Mini Fridge
572,Smart TV
572,Wi-Fi
572,Work Desk
573,Accessible Shower
573,Air Conditioning
573,Hair Dryer
573,In-Room Safe
573,Lowered Fixtures
573,Smart TV
573,USB-C Charging Ports
573,Wi-Fi
573,Work Desk
574,Air Conditioning
574,Coffee Machine
574,Hair Dryer
574,In-Room Safe
574,Printer Access
574,Smart TV
574,USB-C Charging Ports
574,Wi-Fi
574,Work Desk
575,Air Conditioning
575,Bathtub
575,Coffee Machine
575,Hair Dryer
575,Mini Fridge
575,Smart TV
575,Sofa Bed
575,USB-C Charging Ports
575,Wi-Fi
575,Work Desk
576,Air Conditioning
576,Balcony
576,Bathtub
576,Coffee Machine
576,Dining Area
576,Hair Dryer
576,Kitchenette
576,Microwave
576,Mini Fridge
576,Smart TV
576,Streaming Access
576,USB-C Charging Ports
576,Wi-Fi
576,Work Desk
577,Air Conditioning
577,Hair Dryer
577,In-Room Safe
577,Smart TV
577,Wi-Fi
577,Work Desk
578,Air Conditioning
578,Hair Dryer
578,In-Room Safe
578,Mini Fridge
578,Smart TV
578,USB-C Charging Ports
578,Wi-Fi
578,Work Desk
579,Air Conditioning
579,Coffee Machine
579,Hair Dryer
579,In-Room Safe
579,Smart TV
579,USB-C Charging Ports
579,Wi-Fi
579,Work Desk
580,Air Conditioning
580,Coffee Machine
580,Hair Dryer
580,In-Room Safe
580,Mini Fridge
580,Smart TV
580,Wi-Fi
580,Work Desk
581,Air Conditioning
581,Coffee Machine
581,Hair Dryer
581,Kitchenette
581,Microwave
581,Mini Fridge
581,Smart TV
581,Sofa Bed
581,USB-C Charging Ports
581,Wi-Fi
581,Work Desk
582,Air Conditioning
582,Bathtub
582,Coffee Machine
582,Hair Dryer
582,Microwave
582,Mini Fridge
582,Smart TV
582,Sofa Bed
582,USB-C Charging Ports
582,Wi-Fi
582,Work Desk
583,Air Conditioning
583,Balcony
583,Bathtub
583,Coffee Machine
583,Hair Dryer
583,Mini Fridge
583,Smart TV
583,Streaming Access
583,USB-C Charging Ports
583,Wi-Fi
583,Work Desk
584,Air Conditioning
584,Blackout Curtains
584,Coffee Machine
584,Hair Dryer
584,Mini Fridge
584,Smart TV
584,USB-C Charging Ports
584,Wi-Fi
584,Work Desk
585,Accessible Shower
585,Air Conditioning
585,Hair Dryer
585,In-Room Safe
585,Lowered Fixtures
585,Smart TV
585,Wi-Fi
585,Work Desk
586,Air Conditioning
586,Coffee Machine
586,Hair Dryer
586,In-Room Safe
586,Printer Access
586,Smart TV
586,USB-C Charging Ports
586,Wi-Fi
586,Work Desk
587,Air Conditioning
587,Bathtub
587,Coffee Machine
587,Hair Dryer
587,Mini Fridge
587,Smart TV
587,Sofa Bed
587,USB-C Charging Ports
587,Wi-Fi
587,Work Desk
588,Air Conditioning
588,Balcony
588,Bathtub
588,Coffee Machine
588,Dining Area
588,Hair Dryer
588,Kitchenette
588,Microwave
588,Mini Fridge
588,Smart TV
588,Streaming Access
588,USB-C Charging Ports
588,Wi-Fi
588,Work Desk
589,Air Conditioning
589,Hair Dryer
589,In-Room Safe
589,Smart TV
589,USB-C Charging Ports
589,Wi-Fi
589,Work Desk
590,Air Conditioning
590,Hair Dryer
590,In-Room Safe
590,Mini Fridge
590,Smart TV
590,USB-C Charging Ports
590,Wi-Fi
590,Work Desk
591,Air Conditioning
591,Coffee Machine
591,Hair Dryer
591,In-Room Safe
591,Smart TV
591,USB-C Charging Ports
591,Wi-Fi
591,Work Desk
592,Air Conditioning
592,Coffee Machine
592,Hair Dryer
592,In-Room Safe
592,Mini Fridge
592,Smart TV
592,USB-C Charging Ports
592,Wi-Fi
592,Work Desk
593,Air Conditioning
593,Coffee Machine
593,Hair Dryer
593,Kitchenette
593,Microwave
593,Mini Fridge
593,Smart TV
593,Sofa Bed
593,USB-C Charging Ports
593,Wi-Fi
593,Work Desk
594,Air Conditioning
594,Bathtub
594,Coffee Machine
594,Hair Dryer
594,Microwave
594,Mini Fridge
594,Smart TV
594,Sofa Bed
594,USB-C Charging Ports
594,Wi-Fi
594,Work Desk
595,Air Conditioning
595,Balcony
595,Bathtub
595,Coffee Machine
595,Hair Dryer
595,Mini Fridge
595,Ocean View
595,Smart TV
595,Streaming Access
595,Wi-Fi
595,Work Desk
596,Air Conditioning
596,Blackout Curtains
596,Coffee Machine
596,Hair Dryer
596,Mini Fridge
596,Smart TV
596,USB-C Charging Ports
596,Wi-Fi
596,Work Desk
597,Accessible Shower
597,Air Conditioning
597,Hair Dryer
597,In-Room Safe
597,Lowered Fixtures
597,Smart TV
597,USB-C Charging Ports
597,Wi-Fi
597,Work Desk
598,Air Conditioning
598,Coffee Machine
598,Hair Dryer
598,In-Room Safe
598,Printer Access
598,Smart TV
598,USB-C Charging Ports
598,Wi-Fi
598,Work Desk
599,Air Conditioning
599,Bathtub
599,Coffee Machine
599,Hair Dryer
599,Mini Fridge
599,Ocean View
599,Smart TV
599,Sofa Bed
599,Wi-Fi
599,Work Desk
600,Air Conditioning
600,Balcony
600,Bathtub
600,Coffee Machine
600,Dining Area
600,Hair Dryer
600,Kitchenette
600,Microwave
600,Mini Fridge
600,Ocean View
600,Smart TV
600,Streaming Access
600,USB-C Charging Ports
600,Wi-Fi
600,Work Desk
