room_id,hotel_id,room_number,floor_number,room_type,capacity,price_per_night,sea_view,mountain_view,extendable,damages_or_issues,last_renovated_date,smoking_allowed,ada_accessible
1,1,101,1,Single Comfort,1,204,False,False,False,,2024-11-15,False,False
2,1,102,1,Double Classic,2,264,False,False,True,Paint touch-up scheduled,2023-09-11,False,False
3,1,103,1,Queen Urban,2,269,False,False,True,,2023-09-08,False,False
4,1,104,1,King Executive,2,314,False,False,True,Paint touch-up scheduled,2022-05-22,False,False
5,1,205,2,Studio Extended Stay,3,354,False,False,True,,2022-11-29,False,False
6,1,206,2,Family Suite,4,389,False,False,False,,2021-06-27,False,False
7,1,207,2,Panorama Suite,2,464,True,True,True,,2024-05-28,False,False
8,1,208,2,Alpine Premium,2,419,False,True,True,,2022-02-14,False,False
9,1,309,3,Accessible Queen,2,274,False,False,False,,2024-07-06,False,True
10,1,310,3,Business King,2,344,False,False,True,Paint touch-up scheduled,2024-05-28,False,False
11,1,311,3,Junior Suite,3,369,True,False,True,,2024-10-08,False,False
12,1,312,3,Presidential Suite,4,669,True,False,False,,2021-05-14,False,False
13,2,101,1,Single Comfort,1,222,False,False,False,,2023-06-08,False,False
14,2,102,1,Double Classic,2,262,False,False,True,Paint touch-up scheduled,2022-07-03,False,False
15,2,103,1,Queen Urban,2,277,False,False,True,,2023-01-29,False,False
16,2,104,1,King Executive,2,327,False,False,True,Paint touch-up scheduled,2023-10-18,False,False
17,2,205,2,Studio Extended Stay,3,352,False,False,True,Bathroom caulking maintenance due,2024-02-22,False,False
18,2,206,2,Family Suite,4,402,False,False,False,Bathroom caulking maintenance due,2024-10-15,False,False
19,2,207,2,Panorama Suite,2,477,False,False,True,,2025-01-22,False,False
20,2,208,2,Alpine Premium,2,432,False,False,True,Bathroom caulking maintenance due,2021-04-11,False,False
21,2,309,3,Accessible Queen,2,307,False,False,False,,2022-11-29,False,True
22,2,310,3,Business King,2,352,False,False,True,,2021-08-04,False,False
23,2,311,3,Junior Suite,3,397,False,False,True,,2024-11-07,False,False
24,2,312,3,Presidential Suite,4,677,False,False,False,,2024-12-17,False,False
25,3,101,1,Single Comfort,1,256,False,False,False,,2023-09-09,False,False
26,3,102,1,Double Classic,2,276,False,False,True,Bathroom caulking maintenance due,2025-02-23,False,False
27,3,103,1,Queen Urban,2,306,False,False,True,Bathroom caulking maintenance due,2023-11-17,False,False
28,3,104,1,King Executive,2,336,False,False,True,,2023-11-21,False,False
29,3,205,2,Studio Extended Stay,3,376,False,False,True,,2023-04-02,False,False
30,3,206,2,Family Suite,4,421,False,False,False,,2021-04-22,False,False
31,3,207,2,Panorama Suite,2,491,False,True,True,,2022-04-16,False,False
32,3,208,2,Alpine Premium,2,446,False,True,True,,2023-10-22,False,False
33,3,309,3,Accessible Queen,2,316,False,False,False,,2021-07-23,False,True
34,3,310,3,Business King,2,376,False,False,True,,2024-01-07,False,False
35,3,311,3,Junior Suite,3,406,False,False,True,Bathroom caulking maintenance due,2024-04-14,False,False
36,3,312,3,Presidential Suite,4,686,False,False,False,Bathroom caulking maintenance due,2021-09-20,False,False
37,4,101,1,Single Comfort,1,225,False,False,False,,2021-08-30,False,False
38,4,102,1,Double Classic,2,265,False,False,True,Paint touch-up scheduled,2023-04-12,False,False
39,4,103,1,Queen Urban,2,295,False,False,True,,2023-08-08,False,False
40,4,104,1,King Executive,2,325,False,False,True,,2024-02-26,False,False
41,4,205,2,Studio Extended Stay,3,365,False,False,True,,2024-11-05,False,False
42,4,206,2,Family Suite,4,415,False,False,False,,2022-07-15,False,False
43,4,207,2,Panorama Suite,2,475,True,False,True,,2024-01-30,False,False
44,4,208,2,Alpine Premium,2,455,False,False,True,,2022-08-25,False,False
45,4,309,3,Accessible Queen,2,305,False,False,False,,2024-04-11,False,True
46,4,310,3,Business King,2,355,False,False,True,,2022-05-18,False,False
47,4,311,3,Junior Suite,3,400,True,False,True,,2021-01-24,False,False
48,4,312,3,Presidential Suite,4,675,True,False,False,Paint touch-up scheduled,2024-10-27,False,False
49,5,101,1,Single Comfort,1,209,False,False,False,,2024-05-14,False,False
50,5,102,1,Double Classic,2,239,False,False,True,,2022-03-07,False,False
51,5,103,1,Queen Urban,2,269,False,False,True,,2023-01-10,False,False
52,5,104,1,King Executive,2,309,False,False,True,,2023-07-06,False,False
53,5,205,2,Studio Extended Stay,3,344,False,False,True,,2023-08-16,False,False
54,5,206,2,Family Suite,4,384,False,False,False,,2023-01-24,False,False
55,5,207,2,Panorama Suite,2,454,True,False,True,,2022-01-02,False,False
56,5,208,2,Alpine Premium,2,414,False,False,True,,2023-05-22,False,False
57,5,309,3,Accessible Queen,2,279,False,False,False,,2025-04-04,False,True
58,5,310,3,Business King,2,324,False,False,True,,2024-07-30,False,False
59,5,311,3,Junior Suite,3,359,True,False,True,Bathroom caulking maintenance due,2022-12-16,False,False
60,5,312,3,Presidential Suite,4,659,True,False,False,Bathroom caulking maintenance due,2023-01-21,False,False
61,6,101,1,Single Comfort,1,281,False,False,False,,2022-06-25,False,False
62,6,102,1,Double Classic,2,331,False,False,True,,2024-05-09,False,False
63,6,103,1,Queen Urban,2,351,False,False,True,Lamp replacement pending,2025-04-21,False,False
64,6,104,1,King Executive,2,376,False,False,True,Paint touch-up scheduled,2022-09-29,False,False
65,6,205,2,Studio Extended Stay,3,421,False,False,True,Paint touch-up scheduled,2025-03-03,False,False
66,6,206,2,Family Suite,4,466,False,False,False,Bathroom caulking maintenance due,2024-10-13,False,False
67,6,207,2,Panorama Suite,2,536,True,True,True,,2022-02-11,False,False
68,6,208,2,Alpine Premium,2,506,False,True,True,,2023-05-12,False,False
69,6,309,3,Accessible Queen,2,351,False,False,False,Lamp replacement pending,2022-12-14,False,True
70,6,310,3,Business King,2,396,False,False,True,,2025-04-26,False,False
71,6,311,3,Junior Suite,3,456,True,False,True,Lamp replacement pending,2023-03-09,False,False
72,6,312,3,Presidential Suite,4,736,True,False,False,,2021-02-16,False,False
73,7,101,1,Single Comfort,1,218,False,False,False,Bathroom caulking maintenance due,2023-08-14,False,False
74,7,102,1,Double Classic,2,263,False,False,True,,2024-10-21,False,False
75,7,103,1,Queen Urban,2,283,False,False,True,,2021-03-11,False,False
76,7,104,1,King Executive,2,323,False,False,True,,2021-02-10,False,False
77,7,205,2,Studio Extended Stay,3,353,False,False,True,Paint touch-up scheduled,2023-05-28,False,False
78,7,206,2,Family Suite,4,388,False,False,False,,2021-06-03,False,False
79,7,207,2,Panorama Suite,2,443,False,False,True,,2022-03-25,False,False
80,7,208,2,Alpine Premium,2,428,False,False,True,,2022-01-15,False,False
81,7,309,3,Accessible Queen,2,288,False,False,False,Bathroom caulking maintenance due,2022-01-16,False,True
82,7,310,3,Business King,2,323,False,False,True,,2022-07-29,False,False
83,7,311,3,Junior Suite,3,363,False,False,True,Paint touch-up scheduled,2021-11-13,False,False
84,7,312,3,Presidential Suite,4,668,False,False,False,Paint touch-up scheduled,2023-02-27,False,False
85,8,101,1,Single Comfort,1,177,False,False,False,,2024-07-13,False,False
86,8,102,1,Double Classic,2,207,False,False,True,,2024-11-28,False,False
87,8,103,1,Queen Urban,2,227,False,False,True,,2022-11-03,False,False
88,8,104,1,King Executive,2,282,False,False,True,,2024-06-18,False,False
89,8,205,2,Studio Extended Stay,3,302,False,False,True,Bathroom caulking maintenance due,2024-07-20,False,False
90,8,206,2,Family Suite,4,367,False,False,False,,2022-07-14,False,False
91,8,207,2,Panorama Suite,2,412,False,False,True,,2023-01-09,False,False
92,8,208,2,Alpine Premium,2,377,False,False,True,Paint touch-up scheduled,2022-06-23,False,False
93,8,309,3,Accessible Queen,2,242,False,False,False,,2023-12-03,False,True
94,8,310,3,Business King,2,307,False,False,True,Paint touch-up scheduled,2021-05-21,False,False
95,8,311,3,Junior Suite,3,337,False,False,True,Lamp replacement pending,2024-02-26,False,False
96,8,312,3,Presidential Suite,4,632,False,False,False,,2021-02-04,False,False
97,9,101,1,Single Comfort,1,218,False,False,False,,2024-01-16,False,False
98,9,102,1,Double Classic,2,258,False,False,True,,2024-11-11,False,False
99,9,103,1,Queen Urban,2,283,False,False,True,Lamp replacement pending,2022-01-26,False,False
100,9,104,1,King Executive,2,313,False,False,True,,2023-11-12,False,False
101,9,205,2,Studio Extended Stay,3,348,False,False,True,,2021-09-29,False,False
102,9,206,2,Family Suite,4,388,False,False,False,,2021-04-29,False,False
103,9,207,2,Panorama Suite,2,443,False,False,True,,2022-12-06,False,False
104,9,208,2,Alpine Premium,2,423,False,False,True,Bathroom caulking maintenance due,2022-07-25,False,False
105,9,309,3,Accessible Queen,2,283,False,False,False,,2022-06-24,False,True
106,9,310,3,Business King,2,343,False,False,True,,2021-03-29,False,False
107,9,311,3,Junior Suite,3,363,False,False,True,Paint touch-up scheduled,2024-07-31,False,False
108,9,312,3,Presidential Suite,4,658,False,False,False,,2023-07-02,False,False
109,10,101,1,Single Comfort,1,276,False,False,False,,2023-07-10,False,False
110,10,102,1,Double Classic,2,326,False,False,True,,2022-10-19,False,False
111,10,103,1,Queen Urban,2,331,False,False,True,Paint touch-up scheduled,2024-06-22,False,False
112,10,104,1,King Executive,2,366,False,False,True,,2021-08-10,False,False
113,10,205,2,Studio Extended Stay,3,396,False,False,True,,2021-08-24,False,False
114,10,206,2,Family Suite,4,451,False,False,False,,2021-12-10,False,False
115,10,207,2,Panorama Suite,2,521,False,False,True,Lamp replacement pending,2022-04-26,False,False
116,10,208,2,Alpine Premium,2,476,False,False,True,,2024-07-23,False,False
117,10,309,3,Accessible Queen,2,356,False,False,False,,2023-06-13,False,True
118,10,310,3,Business King,2,401,False,False,True,,2022-07-26,False,False
119,10,311,3,Junior Suite,3,426,False,False,True,Paint touch-up scheduled,2023-01-26,False,False
120,10,312,3,Presidential Suite,4,726,False,False,False,Lamp replacement pending,2024-05-01,False,False
121,11,101,1,Single Comfort,1,209,False,False,False,,2021-05-27,False,False
122,11,102,1,Double Classic,2,229,False,False,True,,2023-08-07,False,False
123,11,103,1,Queen Urban,2,264,False,False,True,Lamp replacement pending,2021-10-30,False,False
124,11,104,1,King Executive,2,289,False,False,True,,2022-10-10,False,False
125,11,205,2,Studio Extended Stay,3,319,False,False,True,,2022-11-17,False,False
126,11,206,2,Family Suite,4,374,False,False,False,Paint touch-up scheduled,2022-10-22,False,False
127,11,207,2,Panorama Suite,2,439,True,False,True,,2021-02-20,False,False
128,11,208,2,Alpine Premium,2,409,False,False,True,,2024-03-31,False,False
129,11,309,3,Accessible Queen,2,259,False,False,False,,2022-04-14,False,True
130,11,310,3,Business King,2,324,False,False,True,,2023-12-14,False,False
131,11,311,3,Junior Suite,3,364,True,False,True,Bathroom caulking maintenance due,2023-10-22,False,False
132,11,312,3,Presidential Suite,4,639,True,False,False,,2023-07-12,False,False
133,12,101,1,Single Comfort,1,210,False,False,False,Bathroom caulking maintenance due,2021-10-22,False,False
134,12,102,1,Double Classic,2,260,False,False,True,Paint touch-up scheduled,2022-06-01,False,False
135,12,103,1,Queen Urban,2,275,False,False,True,Paint touch-up scheduled,2024-10-03,False,False
136,12,104,1,King Executive,2,310,False,False,True,Lamp replacement pending,2024-04-29,False,False
137,12,205,2,Studio Extended Stay,3,350,False,False,True,Paint touch-up scheduled,2023-10-11,False,False
138,12,206,2,Family Suite,4,400,False,False,False,Paint touch-up scheduled,2021-05-22,False,False
139,12,207,2,Panorama Suite,2,440,False,True,True,,2023-08-16,False,False
140,12,208,2,Alpine Premium,2,420,False,True,True,,2023-12-30,False,False
141,12,309,3,Accessible Queen,2,290,False,False,False,,2022-02-12,False,True
142,12,310,3,Business King,2,325,False,False,True,Paint touch-up scheduled,2024-03-21,False,False
143,12,311,3,Junior Suite,3,370,False,False,True,,2022-09-08,False,False
144,12,312,3,Presidential Suite,4,660,False,False,False,Lamp replacement pending,2024-04-10,False,False
145,13,101,1,Single Comfort,1,249,False,False,False,Bathroom caulking maintenance due,2022-02-09,False,False
146,13,102,1,Double Classic,2,289,False,False,True,,2021-06-08,False,False
147,13,103,1,Queen Urban,2,304,False,False,True,,2024-12-29,False,False
148,13,104,1,King Executive,2,344,False,False,True,Bathroom caulking maintenance due,2022-01-15,False,False
149,13,205,2,Studio Extended Stay,3,389,False,False,True,,2023-09-12,False,False
150,13,206,2,Family Suite,4,434,False,False,False,,2025-05-18,False,False
151,13,207,2,Panorama Suite,2,484,False,False,True,,2024-01-31,False,False
152,13,208,2,Alpine Premium,2,454,False,False,True,,2024-05-11,False,False
153,13,309,3,Accessible Queen,2,324,False,False,False,Lamp replacement pending,2024-07-30,False,True
154,13,310,3,Business King,2,379,False,False,True,Paint touch-up scheduled,2021-04-24,False,False
155,13,311,3,Junior Suite,3,404,False,False,True,Lamp replacement pending,2024-01-24,False,False
156,13,312,3,Presidential Suite,4,689,False,False,False,Paint touch-up scheduled,2024-02-27,False,False
157,14,101,1,Single Comfort,1,225,False,False,False,Paint touch-up scheduled,2022-03-23,False,False
158,14,102,1,Double Classic,2,250,False,False,True,Bathroom caulking maintenance due,2023-08-14,False,False
159,14,103,1,Queen Urban,2,270,False,False,True,,2025-01-17,False,False
160,14,104,1,King Executive,2,325,False,False,True,Lamp replacement pending,2023-06-06,False,False
161,14,205,2,Studio Extended Stay,3,340,False,False,True,Lamp replacement pending,2023-11-10,False,False
162,14,206,2,Family Suite,4,395,False,False,False,Paint touch-up scheduled,2021-01-26,False,False
163,14,207,2,Panorama Suite,2,460,False,False,True,Bathroom caulking maintenance due,2021-06-25,False,False
164,14,208,2,Alpine Premium,2,430,False,False,True,,2025-02-16,False,False
165,14,309,3,Accessible Queen,2,300,False,False,False,Lamp replacement pending,2025-01-07,False,True
166,14,310,3,Business King,2,330,False,False,True,,2023-01-16,False,False
167,14,311,3,Junior Suite,3,375,False,False,True,Lamp replacement pending,2024-02-13,False,False
168,14,312,3,Presidential Suite,4,680,False,False,False,,2023-04-24,False,False
169,15,101,1,Single Comfort,1,194,False,False,False,,2021-07-27,False,False
170,15,102,1,Double Classic,2,254,False,False,True,,2023-12-24,False,False
171,15,103,1,Queen Urban,2,259,False,False,True,,2024-12-09,False,False
172,15,104,1,King Executive,2,309,False,False,True,,2021-01-15,False,False
173,15,205,2,Studio Extended Stay,3,334,False,False,True,,2023-10-10,False,False
174,15,206,2,Family Suite,4,374,False,False,False,,2025-02-23,False,False
175,15,207,2,Panorama Suite,2,439,False,False,True,,2021-11-01,False,False
176,15,208,2,Alpine Premium,2,419,False,False,True,Lamp replacement pending,2022-03-31,False,False
177,15,309,3,Accessible Queen,2,264,False,False,False,,2021-05-06,False,True
178,15,310,3,Business King,2,324,False,False,True,,2023-10-16,False,False
179,15,311,3,Junior Suite,3,364,False,False,True,Paint touch-up scheduled,2022-09-09,False,False
180,15,312,3,Presidential Suite,4,644,False,False,False,,2021-07-02,False,False
181,16,101,1,Single Comfort,1,281,False,False,False,Paint touch-up scheduled,2022-08-13,False,False
182,16,102,1,Double Classic,2,316,False,False,True,Bathroom caulking maintenance due,2024-09-24,False,False
183,16,103,1,Queen Urban,2,336,False,False,True,,2022-12-05,False,False
184,16,104,1,King Executive,2,366,False,False,True,Paint touch-up scheduled,2024-08-10,False,False
185,16,205,2,Studio Extended Stay,3,406,False,False,True,,2024-10-28,False,False
186,16,206,2,Family Suite,4,451,False,False,False,Bathroom caulking maintenance due,2022-01-02,False,False
187,16,207,2,Panorama Suite,2,511,False,False,True,,2021-03-29,False,False
188,16,208,2,Alpine Premium,2,481,False,False,True,Paint touch-up scheduled,2022-08-30,False,False
189,16,309,3,Accessible Queen,2,351,False,False,False,,2024-05-30,False,True
190,16,310,3,Business King,2,401,False,False,True,,2023-08-13,False,False
191,16,311,3,Junior Suite,3,426,False,False,True,Paint touch-up scheduled,2025-02-06,False,False
192,16,312,3,Presidential Suite,4,721,False,False,False,Paint touch-up scheduled,2024-01-09,False,False
193,17,101,1,Single Comfort,1,203,False,False,False,Paint touch-up scheduled,2021-06-30,False,False
194,17,102,1,Double Classic,2,263,False,False,True,Paint touch-up scheduled,2024-01-09,False,False
195,17,103,1,Queen Urban,2,278,False,False,True,,2022-08-23,False,False
196,17,104,1,King Executive,2,318,False,False,True,,2024-04-12,False,False
197,17,205,2,Studio Extended Stay,3,353,False,False,True,,2023-12-31,False,False
198,17,206,2,Family Suite,4,398,False,False,False,,2025-03-16,False,False
199,17,207,2,Panorama Suite,2,443,False,False,True,,2022-11-22,False,False
200,17,208,2,Alpine Premium,2,418,False,False,True,,2022-07-08,False,False
201,17,309,3,Accessible Queen,2,288,False,False,False,,2024-10-24,False,True
202,17,310,3,Business King,2,343,False,False,True,Paint touch-up scheduled,2023-05-13,False,False
203,17,311,3,Junior Suite,3,368,False,False,True,,2025-02-23,False,False
204,17,312,3,Presidential Suite,4,663,False,False,False,,2021-03-06,False,False
205,18,101,1,Single Comfort,1,204,False,False,False,Bathroom caulking maintenance due,2022-02-23,False,False
206,18,102,1,Double Classic,2,244,False,False,True,Lamp replacement pending,2023-09-15,False,False
207,18,103,1,Queen Urban,2,269,False,False,True,,2024-01-03,False,False
208,18,104,1,King Executive,2,304,False,False,True,Lamp replacement pending,2021-11-30,False,False
209,18,205,2,Studio Extended Stay,3,349,False,False,True,Bathroom caulking maintenance due,2024-05-06,False,False
210,18,206,2,Family Suite,4,379,False,False,False,Lamp replacement pending,2023-03-10,False,False
211,18,207,2,Panorama Suite,2,449,True,False,True,,2023-06-11,False,False
212,18,208,2,Alpine Premium,2,414,False,False,True,,2021-09-27,False,False
213,18,309,3,Accessible Queen,2,289,False,False,False,,2024-02-03,False,True
214,18,310,3,Business King,2,334,False,False,True,,2021-02-22,False,False
215,18,311,3,Junior Suite,3,364,True,False,True,,2024-12-26,False,False
216,18,312,3,Presidential Suite,4,669,True,False,False,,2021-01-23,False,False
217,19,101,1,Single Comfort,1,225,False,False,False,,2025-01-12,False,False
218,19,102,1,Double Classic,2,280,False,False,True,,2023-08-16,False,False
219,19,103,1,Queen Urban,2,285,False,False,True,,2023-01-18,False,False
220,19,104,1,King Executive,2,340,False,False,True,,2021-05-17,False,False
221,19,205,2,Studio Extended Stay,3,375,False,False,True,Paint touch-up scheduled,2023-04-26,False,False
222,19,206,2,Family Suite,4,415,False,False,False,,2021-08-09,False,False
223,19,207,2,Panorama Suite,2,485,True,False,True,Bathroom caulking maintenance due,2022-04-25,False,False
224,19,208,2,Alpine Premium,2,450,False,False,True,,2021-03-31,False,False
225,19,309,3,Accessible Queen,2,295,False,False,False,Paint touch-up scheduled,2021-07-30,False,True
226,19,310,3,Business King,2,350,False,False,True,,2023-04-14,False,False
227,19,311,3,Junior Suite,3,385,True,False,True,Bathroom caulking maintenance due,2022-02-22,False,False
228,19,312,3,Presidential Suite,4,690,True,False,False,,2022-10-04,False,False
229,20,101,1,Single Comfort,1,268,False,False,False,Paint touch-up scheduled,2022-04-01,False,False
230,20,102,1,Double Classic,2,313,False,False,True,,2021-11-01,False,False
231,20,103,1,Queen Urban,2,323,False,False,True,,2025-04-22,False,False
232,20,104,1,King Executive,2,368,False,False,True,,2023-12-19,False,False
233,20,205,2,Studio Extended Stay,3,393,False,False,True,,2022-02-09,False,False
234,20,206,2,Family Suite,4,443,False,False,False,Paint touch-up scheduled,2022-12-09,False,False
235,20,207,2,Panorama Suite,2,513,False,False,True,,2024-05-28,False,False
236,20,208,2,Alpine Premium,2,483,False,False,True,Lamp replacement pending,2022-06-25,False,False
237,20,309,3,Accessible Queen,2,323,False,False,False,Lamp replacement pending,2021-10-26,False,True
238,20,310,3,Business King,2,373,False,False,True,,2022-05-30,False,False
239,20,311,3,Junior Suite,3,433,False,False,True,,2024-05-12,False,False
240,20,312,3,Presidential Suite,4,703,False,False,False,,2023-12-25,False,False
241,21,101,1,Single Comfort,1,167,False,False,False,,2021-10-12,False,False
242,21,102,1,Double Classic,2,212,False,False,True,,2021-03-28,False,False
243,21,103,1,Queen Urban,2,237,False,False,True,,2023-09-15,False,False
244,21,104,1,King Executive,2,287,False,False,True,Lamp replacement pending,2022-11-28,False,False
245,21,205,2,Studio Extended Stay,3,297,False,False,True,Bathroom caulking maintenance due,2025-04-12,False,False
246,21,206,2,Family Suite,4,347,False,False,False,,2024-12-09,False,False
247,21,207,2,Panorama Suite,2,417,False,False,True,,2024-07-09,False,False
248,21,208,2,Alpine Premium,2,377,False,False,True,Paint touch-up scheduled,2022-01-01,False,False
249,21,309,3,Accessible Queen,2,237,False,False,False,,2021-10-01,False,True
250,21,310,3,Business King,2,287,False,False,True,Lamp replacement pending,2023-09-30,False,False
251,21,311,3,Junior Suite,3,342,False,False,True,,2024-12-11,False,False
252,21,312,3,Presidential Suite,4,627,False,False,False,,2023-04-04,False,False
253,22,101,1,Single Comfort,1,215,False,False,False,,2021-02-18,False,False
254,22,102,1,Double Classic,2,250,False,False,True,,2025-01-06,False,False
255,22,103,1,Queen Urban,2,285,False,False,True,,2024-01-22,False,False
256,22,104,1,King Executive,2,320,False,False,True,,2023-04-19,False,False
257,22,205,2,Studio Extended Stay,3,345,False,False,True,Bathroom caulking maintenance due,2023-04-04,False,False
258,22,206,2,Family Suite,4,400,False,False,False,Lamp replacement pending,2024-10-06,False,False
259,22,207,2,Panorama Suite,2,455,False,False,True,Paint touch-up scheduled,2024-03-02,False,False
260,22,208,2,Alpine Premium,2,435,False,False,True,,2022-05-23,False,False
261,22,309,3,Accessible Queen,2,295,False,False,False,,2023-09-30,False,True
262,22,310,3,Business King,2,335,False,False,True,,2021-07-13,False,False
263,22,311,3,Junior Suite,3,380,False,False,True,,2024-08-04,False,False
264,22,312,3,Presidential Suite,4,660,False,False,False,Lamp replacement pending,2024-05-07,False,False
265,23,101,1,Single Comfort,1,276,False,False,False,Paint touch-up scheduled,2022-01-09,False,False
266,23,102,1,Double Classic,2,326,False,False,True,Bathroom caulking maintenance due,2021-05-17,False,False
267,23,103,1,Queen Urban,2,336,False,False,True,,2023-09-10,False,False
268,23,104,1,King Executive,2,376,False,False,True,,2022-05-23,False,False
269,23,205,2,Studio Extended Stay,3,411,False,False,True,,2025-02-07,False,False
270,23,206,2,Family Suite,4,466,False,False,False,,2022-06-06,False,False
271,23,207,2,Panorama Suite,2,511,False,False,True,Paint touch-up scheduled,2022-02-19,False,False
272,23,208,2,Alpine Premium,2,496,False,False,True,Bathroom caulking maintenance due,2025-02-26,False,False
273,23,309,3,Accessible Queen,2,356,False,False,False,,2021-02-08,False,True
274,23,310,3,Business King,2,396,False,False,True,Paint touch-up scheduled,2024-07-09,False,False
275,23,311,3,Junior Suite,3,426,False,False,True,,2023-04-05,False,False
276,23,312,3,Presidential Suite,4,731,False,False,False,,2024-12-24,False,False
277,24,101,1,Single Comfort,1,245,False,False,False,,2022-06-04,False,False
278,24,102,1,Double Classic,2,290,False,False,True,,2021-10-01,False,False
279,24,103,1,Queen Urban,2,315,False,False,True,,2022-07-05,False,False
280,24,104,1,King Executive,2,355,False,False,True,Lamp replacement pending,2023-10-01,False,False
281,24,205,2,Studio Extended Stay,3,390,False,False,True,,2022-10-20,False,False
282,24,206,2,Family Suite,4,435,False,False,False,Lamp replacement pending,2023-09-25,False,False
283,24,207,2,Panorama Suite,2,500,True,True,True,,2023-01-08,False,False
284,24,208,2,Alpine Premium,2,455,False,True,True,Bathroom caulking maintenance due,2021-07-18,False,False
285,24,309,3,Accessible Queen,2,315,False,False,False,Paint touch-up scheduled,2024-01-03,False,True
286,24,310,3,Business King,2,380,False,False,True,Paint touch-up scheduled,2024-03-16,False,False
287,24,311,3,Junior Suite,3,405,True,False,True,Paint touch-up scheduled,2025-01-16,False,False
288,24,312,3,Presidential Suite,4,710,True,False,False,,2025-04-02,False,False
289,25,101,1,Single Comfort,1,196,False,False,False,Bathroom caulking maintenance due,2024-06-11,False,False
290,25,102,1,Double Classic,2,241,False,False,True,Lamp replacement pending,2025-02-01,False,False
291,25,103,1,Queen Urban,2,256,False,False,True,,2022-10-07,False,False
292,25,104,1,King Executive,2,281,False,False,True,,2022-09-05,False,False
293,25,205,2,Studio Extended Stay,3,316,False,False,True,,2024-06-22,False,False
294,25,206,2,Family Suite,4,381,False,False,False,,2023-02-17,False,False
295,25,207,2,Panorama Suite,2,426,False,False,True,,2023-02-11,False,False
296,25,208,2,Alpine Premium,2,406,False,False,True,Paint touch-up scheduled,2021-01-05,False,False
297,25,309,3,Accessible Queen,2,261,False,False,False,,2022-06-30,False,True
298,25,310,3,Business King,2,306,False,False,True,Bathroom caulking maintenance due,2024-02-28,False,False
299,25,311,3,Junior Suite,3,351,False,False,True,,2022-10-09,False,False
300,25,312,3,Presidential Suite,4,641,False,False,False,,2022-11-16,False,False
301,26,101,1,Single Comfort,1,261,False,False,False,,2024-04-28,False,False
302,26,102,1,Double Classic,2,291,False,False,True,,2021-07-30,False,False
303,26,103,1,Queen Urban,2,321,False,False,True,Lamp replacement pending,2021-12-28,False,False
304,26,104,1,King Executive,2,361,False,False,True,,2024-01-16,False,False
305,26,205,2,Studio Extended Stay,3,376,False,False,True,,2024-07-19,False,False
306,26,206,2,Family Suite,4,446,False,False,False,,2025-04-29,False,False
307,26,207,2,Panorama Suite,2,501,False,False,True,Paint touch-up scheduled,2024-12-07,False,False
308,26,208,2,Alpine Premium,2,466,False,False,True,Paint touch-up scheduled,2022-12-11,False,False
309,26,309,3,Accessible Queen,2,316,False,False,False,Lamp replacement pending,2023-03-05,False,True
310,26,310,3,Business King,2,386,False,False,True,,2022-08-31,False,False
311,26,311,3,Junior Suite,3,421,False,False,True,Paint touch-up scheduled,2022-07-02,False,False
312,26,312,3,Presidential Suite,4,701,False,False,False,Paint touch-up scheduled,2022-07-28,False,False
313,27,101,1,Single Comfort,1,250,False,False,False,,2021-12-20,False,False
314,27,102,1,Double Classic,2,275,False,False,True,,2022-02-28,False,False
315,27,103,1,Queen Urban,2,305,False,False,True,,2021-02-19,False,False
316,27,104,1,King Executive,2,340,False,False,True,,2021-08-01,False,False
317,27,205,2,Studio Extended Stay,3,375,False,False,True,,2024-01-12,False,False
318,27,206,2,Family Suite,4,415,False,False,False,Bathroom caulking maintenance due,2023-07-15,False,False
319,27,207,2,Panorama Suite,2,475,True,False,True,,2021-02-15,False,False
320,27,208,2,Alpine Premium,2,460,False,False,True,Paint touch-up scheduled,2025-01-02,False,False
321,27,309,3,Accessible Queen,2,325,False,False,False,,2022-12-11,False,True
322,27,310,3,Business King,2,365,False,False,True,,2021-07-13,False,False
323,27,311,3,Junior Suite,3,410,True,False,True,Paint touch-up scheduled,2022-10-26,False,False
324,27,312,3,Presidential Suite,4,695,True,False,False,,2024-09-25,False,False
325,28,101,1,Single Comfort,1,167,False,False,False,,2022-11-04,False,False
326,28,102,1,Double Classic,2,207,False,False,True,,2025-05-01,False,False
327,28,103,1,Queen Urban,2,242,False,False,True,,2021-06-25,False,False
328,28,104,1,King Executive,2,287,False,False,True,Lamp replacement pending,2024-04-28,False,False
329,28,205,2,Studio Extended Stay,3,317,False,False,True,,2025-02-14,False,False
330,28,206,2,Family Suite,4,352,False,False,False,,2022-04-14,False,False
331,28,207,2,Panorama Suite,2,407,False,False,True,Lamp replacement pending,2024-07-13,False,False
332,28,208,2,Alpine Premium,2,397,False,False,True,Bathroom caulking maintenance due,2024-02-19,False,False
333,28,309,3,Accessible Queen,2,257,False,False,False,,2023-10-03,False,True
334,28,310,3,Business King,2,307,False,False,True,,2024-07-10,False,False
335,28,311,3,Junior Suite,3,337,False,False,True,,2024-03-03,False,False
336,28,312,3,Presidential Suite,4,627,False,False,False,Lamp replacement pending,2024-09-09,False,False
337,29,101,1,Single Comfort,1,225,False,False,False,,2024-10-24,False,False
338,29,102,1,Double Classic,2,265,False,False,True,,2022-01-03,False,False
339,29,103,1,Queen Urban,2,270,False,False,True,,2023-03-31,False,False
340,29,104,1,King Executive,2,315,False,False,True,Lamp replacement pending,2023-03-27,False,False
341,29,205,2,Studio Extended Stay,3,340,False,False,True,,2021-04-13,False,False
342,29,206,2,Family Suite,4,410,False,False,False,,2023-12-03,False,False
343,29,207,2,Panorama Suite,2,470,False,False,True,,2021-03-22,False,False
344,29,208,2,Alpine Premium,2,440,False,False,True,,2024-11-08,False,False
345,29,309,3,Accessible Queen,2,280,False,False,False,,2022-02-02,False,True
346,29,310,3,Business King,2,340,False,False,True,,2021-01-27,False,False
347,29,311,3,Junior Suite,3,370,False,False,True,Lamp replacement pending,2024-11-26,False,False
348,29,312,3,Presidential Suite,4,660,False,False,False,,2024-10-09,False,False
349,30,101,1,Single Comfort,1,256,False,False,False,Lamp replacement pending,2023-08-01,False,False
350,30,102,1,Double Classic,2,276,False,False,True,,2024-04-10,False,False
351,30,103,1,Queen Urban,2,311,False,False,True,,2022-12-01,False,False
352,30,104,1,King Executive,2,336,False,False,True,,2022-01-24,False,False
353,30,205,2,Studio Extended Stay,3,366,False,False,True,,2024-09-16,False,False
354,30,206,2,Family Suite,4,421,False,False,False,Lamp replacement pending,2023-01-15,False,False
355,30,207,2,Panorama Suite,2,481,False,True,True,Paint touch-up scheduled,2021-05-18,False,False
356,30,208,2,Alpine Premium,2,466,False,True,True,,2023-08-02,False,False
357,30,309,3,Accessible Queen,2,316,False,False,False,,2021-06-18,False,True
358,30,310,3,Business King,2,361,False,False,True,,2021-07-28,False,False
359,30,311,3,Junior Suite,3,416,False,False,True,,2022-01-30,False,False
360,30,312,3,Presidential Suite,4,686,False,False,False,Bathroom caulking maintenance due,2023-02-04,False,False
361,31,101,1,Single Comfort,1,199,False,False,False,,2022-09-30,False,False
362,31,102,1,Double Classic,2,239,False,False,True,,2023-12-11,False,False
363,31,103,1,Queen Urban,2,249,False,False,True,,2024-04-21,False,False
364,31,104,1,King Executive,2,309,False,False,True,,2021-01-15,False,False
365,31,205,2,Studio Extended Stay,3,319,False,False,True,Bathroom caulking maintenance due,2021-06-20,False,False
366,31,206,2,Family Suite,4,384,False,False,False,,2022-08-14,False,False
367,31,207,2,Panorama Suite,2,444,True,False,True,Bathroom caulking maintenance due,2022-04-09,False,False
368,31,208,2,Alpine Premium,2,409,False,False,True,,2025-04-01,False,False
369,31,309,3,Accessible Queen,2,274,False,False,False,,2024-07-02,False,True
370,31,310,3,Business King,2,314,False,False,True,,2023-09-11,False,False
371,31,311,3,Junior Suite,3,349,True,False,True,,2024-10-30,False,False
372,31,312,3,Presidential Suite,4,639,True,False,False,Lamp replacement pending,2021-02-25,False,False
373,32,101,1,Single Comfort,1,255,False,False,False,,2023-07-31,False,False
374,32,102,1,Double Classic,2,280,False,False,True,Lamp replacement pending,2025-02-13,False,False
375,32,103,1,Queen Urban,2,305,False,False,True,Paint touch-up scheduled,2021-04-06,False,False
376,32,104,1,King Executive,2,340,False,False,True,,2022-05-28,False,False
377,32,205,2,Studio Extended Stay,3,365,False,False,True,Bathroom caulking maintenance due,2021-05-22,False,False
378,32,206,2,Family Suite,4,425,False,False,False,Bathroom caulking maintenance due,2022-07-06,False,False
379,32,207,2,Panorama Suite,2,495,True,False,True,,2024-03-18,False,False
380,32,208,2,Alpine Premium,2,460,False,False,True,Lamp replacement pending,2024-05-12,False,False
381,32,309,3,Accessible Queen,2,305,False,False,False,,2023-09-24,False,True
382,32,310,3,Business King,2,375,False,False,True,,2022-06-01,False,False
383,32,311,3,Junior Suite,3,395,True,False,True,,2023-12-23,False,False
384,32,312,3,Presidential Suite,4,690,True,False,False,,2024-10-02,False,False
385,33,101,1,Single Comfort,1,244,False,False,False,Bathroom caulking maintenance due,2024-08-26,False,False
386,33,102,1,Double Classic,2,284,False,False,True,,2022-05-27,False,False
387,33,103,1,Queen Urban,2,309,False,False,True,Lamp replacement pending,2025-03-31,False,False
388,33,104,1,King Executive,2,349,False,False,True,Bathroom caulking maintenance due,2024-08-19,False,False
389,33,205,2,Studio Extended Stay,3,389,False,False,True,,2023-08-04,False,False
390,33,206,2,Family Suite,4,429,False,False,False,Bathroom caulking maintenance due,2021-03-22,False,False
391,33,207,2,Panorama Suite,2,499,False,False,True,,2024-06-09,False,False
392,33,208,2,Alpine Premium,2,449,False,False,True,Lamp replacement pending,2023-07-25,False,False
393,33,309,3,Accessible Queen,2,314,False,False,False,,2021-07-31,False,True
394,33,310,3,Business King,2,364,False,False,True,,2023-11-17,False,False
395,33,311,3,Junior Suite,3,414,False,False,True,,2021-04-28,False,False
396,33,312,3,Presidential Suite,4,689,False,False,False,Paint touch-up scheduled,2024-10-09,False,False
397,34,101,1,Single Comfort,1,203,False,False,False,,2024-01-04,False,False
398,34,102,1,Double Classic,2,243,False,False,True,Bathroom caulking maintenance due,2021-09-23,False,False
399,34,103,1,Queen Urban,2,268,False,False,True,,2022-06-22,False,False
400,34,104,1,King Executive,2,313,False,False,True,,2025-05-04,False,False
401,34,205,2,Studio Extended Stay,3,353,False,False,True,,2023-05-31,False,False
402,34,206,2,Family Suite,4,403,False,False,False,Lamp replacement pending,2024-03-22,False,False
403,34,207,2,Panorama Suite,2,463,False,False,True,,2022-04-15,False,False
404,34,208,2,Alpine Premium,2,418,False,False,True,,2024-01-03,False,False
405,34,309,3,Accessible Queen,2,283,False,False,False,Bathroom caulking maintenance due,2022-11-08,False,True
406,34,310,3,Business King,2,343,False,False,True,,2024-11-13,False,False
407,34,311,3,Junior Suite,3,383,False,False,True,,2021-07-15,False,False
408,34,312,3,Presidential Suite,4,658,False,False,False,,2022-06-10,False,False
409,35,101,1,Single Comfort,1,189,False,False,False,,2024-12-20,False,False
410,35,102,1,Double Classic,2,219,False,False,True,,2021-01-26,False,False
411,35,103,1,Queen Urban,2,249,False,False,True,Bathroom caulking maintenance due,2021-12-17,False,False
412,35,104,1,King Executive,2,294,False,False,True,,2023-02-18,False,False
413,35,205,2,Studio Extended Stay,3,309,False,False,True,Lamp replacement pending,2023-11-12,False,False
414,35,206,2,Family Suite,4,354,False,False,False,,2024-04-13,False,False
415,35,207,2,Panorama Suite,2,424,False,False,True,Bathroom caulking maintenance due,2023-12-10,False,False
416,35,208,2,Alpine Premium,2,389,False,False,True,,2023-06-23,False,False
417,35,309,3,Accessible Queen,2,259,False,False,False,Lamp replacement pending,2021-08-03,False,True
418,35,310,3,Business King,2,299,False,False,True,Paint touch-up scheduled,2025-03-02,False,False
419,35,311,3,Junior Suite,3,334,False,False,True,,2021-06-01,False,False
420,35,312,3,Presidential Suite,4,634,False,False,False,,2023-09-15,False,False
421,36,101,1,Single Comfort,1,276,False,False,False,Bathroom caulking maintenance due,2024-03-10,False,False
422,36,102,1,Double Classic,2,306,False,False,True,,2024-11-13,False,False
423,36,103,1,Queen Urban,2,331,False,False,True,,2025-05-12,False,False
424,36,104,1,King Executive,2,381,False,False,True,,2023-02-26,False,False
425,36,205,2,Studio Extended Stay,3,416,False,False,True,,2022-01-15,False,False
426,36,206,2,Family Suite,4,451,False,False,False,Paint touch-up scheduled,2023-11-01,False,False
427,36,207,2,Panorama Suite,2,506,False,False,True,,2021-12-31,False,False
428,36,208,2,Alpine Premium,2,476,False,False,True,Lamp replacement pending,2022-04-20,False,False
429,36,309,3,Accessible Queen,2,356,False,False,False,,2022-08-30,False,True
430,36,310,3,Business King,2,386,False,False,True,,2022-09-11,False,False
431,36,311,3,Junior Suite,3,431,False,False,True,Bathroom caulking maintenance due,2023-11-09,False,False
432,36,312,3,Presidential Suite,4,731,False,False,False,Paint touch-up scheduled,2022-03-31,False,False
433,37,101,1,Single Comfort,1,245,False,False,False,,2024-11-23,False,False
434,37,102,1,Double Classic,2,280,False,False,True,,2024-10-12,False,False
435,37,103,1,Queen Urban,2,295,False,False,True,,2021-03-14,False,False
436,37,104,1,King Executive,2,335,False,False,True,,2022-10-14,False,False
437,37,205,2,Studio Extended Stay,3,365,False,False,True,Paint touch-up scheduled,2025-04-18,False,False
438,37,206,2,Family Suite,4,425,False,False,False,Paint touch-up scheduled,2021-05-06,False,False
439,37,207,2,Panorama Suite,2,475,False,False,True,Lamp replacement pending,2022-02-05,False,False
440,37,208,2,Alpine Premium,2,450,False,False,True,,2024-07-26,False,False
441,37,309,3,Accessible Queen,2,300,False,False,False,Paint touch-up scheduled,2025-04-11,False,True
442,37,310,3,Business King,2,355,False,False,True,,2022-05-14,False,False
443,37,311,3,Junior Suite,3,395,False,False,True,Bathroom caulking maintenance due,2022-05-23,False,False
444,37,312,3,Presidential Suite,4,690,False,False,False,Paint touch-up scheduled,2024-04-07,False,False
445,38,101,1,Single Comfort,1,196,False,False,False,Lamp replacement pending,2021-06-07,False,False
446,38,102,1,Double Classic,2,221,False,False,True,,2024-12-05,False,False
447,38,103,1,Queen Urban,2,261,False,False,True,,2021-10-21,False,False
448,38,104,1,King Executive,2,281,False,False,True,Lamp replacement pending,2024-05-03,False,False
449,38,205,2,Studio Extended Stay,3,321,False,False,True,Lamp replacement pending,2022-10-31,False,False
450,38,206,2,Family Suite,4,381,False,False,False,,2025-01-25,False,False
451,38,207,2,Panorama Suite,2,426,False,False,True,,2021-10-16,False,False
452,38,208,2,Alpine Premium,2,391,False,False,True,,2023-12-15,False,False
453,38,309,3,Accessible Queen,2,266,False,False,False,Bathroom caulking maintenance due,2021-05-05,False,True
454,38,310,3,Business King,2,306,False,False,True,Bathroom caulking maintenance due,2023-09-23,False,False
455,38,311,3,Junior Suite,3,346,False,False,True,,2024-09-17,False,False
456,38,312,3,Presidential Suite,4,631,False,False,False,,2023-09-12,False,False
457,39,101,1,Single Comfort,1,232,False,False,False,Bathroom caulking maintenance due,2025-03-13,False,False
458,39,102,1,Double Classic,2,262,False,False,True,,2023-07-25,False,False
459,39,103,1,Queen Urban,2,282,False,False,True,Paint touch-up scheduled,2021-05-28,False,False
460,39,104,1,King Executive,2,322,False,False,True,Bathroom caulking maintenance due,2024-12-22,False,False
461,39,205,2,Studio Extended Stay,3,352,False,False,True,,2024-04-04,False,False
462,39,206,2,Family Suite,4,407,False,False,False,,2021-02-28,False,False
463,39,207,2,Panorama Suite,2,472,False,False,True,Lamp replacement pending,2025-03-20,False,False
464,39,208,2,Alpine Premium,2,447,False,False,True,Bathroom caulking maintenance due,2023-05-21,False,False
465,39,309,3,Accessible Queen,2,307,False,False,False,Paint touch-up scheduled,2021-07-25,False,True
466,39,310,3,Business King,2,357,False,False,True,Paint touch-up scheduled,2023-11-12,False,False
467,39,311,3,Junior Suite,3,387,False,False,True,,2022-11-15,False,False
468,39,312,3,Presidential Suite,4,682,False,False,False,,2023-05-15,False,False
469,40,101,1,Single Comfort,1,256,False,False,False,Lamp replacement pending,2023-10-29,False,False
470,40,102,1,Double Classic,2,276,False,False,True,,2023-03-19,False,False
471,40,103,1,Queen Urban,2,301,False,False,True,,2022-10-24,False,False
472,40,104,1,King Executive,2,356,False,False,True,,2025-02-17,False,False
473,40,205,2,Studio Extended Stay,3,381,False,False,True,,2021-10-13,False,False
474,40,206,2,Family Suite,4,431,False,False,False,,2023-07-06,False,False
475,40,207,2,Panorama Suite,2,481,False,True,True,Paint touch-up scheduled,2025-02-07,False,False
476,40,208,2,Alpine Premium,2,446,False,True,True,Paint touch-up scheduled,2023-05-29,False,False
477,40,309,3,Accessible Queen,2,306,False,False,False,,2021-12-27,False,True
478,40,310,3,Business King,2,376,False,False,True,,2021-04-26,False,False
479,40,311,3,Junior Suite,3,406,False,False,True,,2021-10-30,False,False
480,40,312,3,Presidential Suite,4,701,False,False,False,Bathroom caulking maintenance due,2022-05-05,False,False
481,41,101,1,Single Comfort,1,201,False,False,False,,2024-07-04,False,False
482,41,102,1,Double Classic,2,236,False,False,True,,2025-05-20,False,False
483,41,103,1,Queen Urban,2,246,False,False,True,,2024-06-22,False,False
484,41,104,1,King Executive,2,296,False,False,True,,2021-01-04,False,False
485,41,205,2,Studio Extended Stay,3,326,False,False,True,Lamp replacement pending,2022-01-27,False,False
486,41,206,2,Family Suite,4,376,False,False,False,,2021-02-11,False,False
487,41,207,2,Panorama Suite,2,441,False,False,True,,2022-09-06,False,False
488,41,208,2,Alpine Premium,2,401,False,False,True,,2024-11-29,False,False
489,41,309,3,Accessible Queen,2,251,False,False,False,,2023-02-19,False,True
490,41,310,3,Business King,2,301,False,False,True,,2022-01-17,False,False
491,41,311,3,Junior Suite,3,351,False,False,True,Lamp replacement pending,2022-11-04,False,False
492,41,312,3,Presidential Suite,4,646,False,False,False,Paint touch-up scheduled,2021-10-16,False,False
493,42,101,1,Single Comfort,1,245,False,False,False,,2023-09-17,False,False
494,42,102,1,Double Classic,2,285,False,False,True,,2023-08-14,False,False
495,42,103,1,Queen Urban,2,290,False,False,True,,2023-06-18,False,False
496,42,104,1,King Executive,2,345,False,False,True,,2022-04-19,False,False
497,42,205,2,Studio Extended Stay,3,365,False,False,True,Lamp replacement pending,2024-06-15,False,False
498,42,206,2,Family Suite,4,425,False,False,False,Paint touch-up scheduled,2024-05-01,False,False
499,42,207,2,Panorama Suite,2,475,False,False,True,,2023-07-27,False,False
500,42,208,2,Alpine Premium,2,460,False,False,True,,2024-01-25,False,False
501,42,309,3,Accessible Queen,2,310,False,False,False,Paint touch-up scheduled,2022-03-28,False,True
502,42,310,3,Business King,2,350,False,False,True,,2021-02-11,False,False
503,42,311,3,Junior Suite,3,405,False,False,True,,2023-04-28,False,False
504,42,312,3,Presidential Suite,4,685,False,False,False,,2024-09-14,False,False
505,43,101,1,Single Comfort,1,276,False,False,False,Paint touch-up scheduled,2021-01-26,False,False
506,43,102,1,Double Classic,2,331,False,False,True,Lamp replacement pending,2022-07-20,False,False
507,43,103,1,Queen Urban,2,331,False,False,True,Paint touch-up scheduled,2024-07-29,False,False
508,43,104,1,King Executive,2,381,False,False,True,,2023-03-12,False,False
509,43,205,2,Studio Extended Stay,3,401,False,False,True,,2024-09-23,False,False
510,43,206,2,Family Suite,4,471,False,False,False,,2021-09-29,False,False
511,43,207,2,Panorama Suite,2,531,True,False,True,,2022-05-27,False,False
512,43,208,2,Alpine Premium,2,486,False,False,True,Paint touch-up scheduled,2022-02-19,False,False
513,43,309,3,Accessible Queen,2,341,False,False,False,Paint touch-up scheduled,2021-07-22,False,True
514,43,310,3,Business King,2,396,False,False,True,,2023-08-19,False,False
515,43,311,3,Junior Suite,3,446,True,False,True,,2021-05-20,False,False
516,43,312,3,Presidential Suite,4,731,True,False,False,,2023-01-30,False,False
517,44,101,1,Single Comfort,1,205,False,False,False,,2022-07-11,False,False
518,44,102,1,Double Classic,2,245,False,False,True,,2023-04-21,False,False
519,44,103,1,Queen Urban,2,260,False,False,True,,2022-05-08,False,False
520,44,104,1,King Executive,2,315,False,False,True,,2025-03-19,False,False
521,44,205,2,Studio Extended Stay,3,350,False,False,True,,2021-12-17,False,False
522,44,206,2,Family Suite,4,390,False,False,False,Bathroom caulking maintenance due,2024-07-04,False,False
523,44,207,2,Panorama Suite,2,455,False,True,True,Lamp replacement pending,2021-12-30,False,False
524,44,208,2,Alpine Premium,2,415,False,True,True,Bathroom caulking maintenance due,2021-09-14,False,False
525,44,309,3,Accessible Queen,2,270,False,False,False,Paint touch-up scheduled,2024-10-15,False,True
526,44,310,3,Business King,2,325,False,False,True,,2023-08-06,False,False
527,44,311,3,Junior Suite,3,360,False,False,True,,2024-04-18,False,False
528,44,312,3,Presidential Suite,4,660,False,False,False,Lamp replacement pending,2022-10-30,False,False
529,45,101,1,Single Comfort,1,177,False,False,False,Bathroom caulking maintenance due,2024-08-10,False,False
530,45,102,1,Double Classic,2,207,False,False,True,Paint touch-up scheduled,2023-02-25,False,False
531,45,103,1,Queen Urban,2,227,False,False,True,,2021-04-15,False,False
532,45,104,1,King Executive,2,277,False,False,True,,2022-10-19,False,False
533,45,205,2,Studio Extended Stay,3,302,False,False,True,,2025-04-17,False,False
534,45,206,2,Family Suite,4,362,False,False,False,Paint touch-up scheduled,2022-12-26,False,False
535,45,207,2,Panorama Suite,2,407,False,False,True,,2024-05-23,False,False
536,45,208,2,Alpine Premium,2,382,False,False,True,Paint touch-up scheduled,2024-01-13,False,False
537,45,309,3,Accessible Queen,2,257,False,False,False,Lamp replacement pending,2025-02-09,False,True
538,45,310,3,Business King,2,287,False,False,True,,2022-01-01,False,False
539,45,311,3,Junior Suite,3,327,False,False,True,,2024-12-04,False,False
540,45,312,3,Presidential Suite,4,627,False,False,False,,2021-06-27,False,False
541,46,101,1,Single Comfort,1,236,False,False,False,Paint touch-up scheduled,2025-05-03,False,False
542,46,102,1,Double Classic,2,286,False,False,True,,2022-02-19,False,False
543,46,103,1,Queen Urban,2,316,False,False,True,,2024-05-11,False,False
544,46,104,1,King Executive,2,336,False,False,True,,2021-03-30,False,False
545,46,205,2,Studio Extended Stay,3,381,False,False,True,Lamp replacement pending,2023-09-12,False,False
546,46,206,2,Family Suite,4,416,False,False,False,Paint touch-up scheduled,2024-05-07,False,False
547,46,207,2,Panorama Suite,2,476,False,True,True,,2024-03-26,False,False
548,46,208,2,Alpine Premium,2,446,False,True,True,,2025-03-14,False,False
549,46,309,3,Accessible Queen,2,306,False,False,False,Paint touch-up scheduled,2022-12-03,False,True
550,46,310,3,Business King,2,371,False,False,True,Lamp replacement pending,2023-10-09,False,False
551,46,311,3,Junior Suite,3,406,False,False,True,Bathroom caulking maintenance due,2022-01-22,False,False
552,46,312,3,Presidential Suite,4,701,False,False,False,Bathroom caulking maintenance due,2024-05-31,False,False
553,47,101,1,Single Comfort,1,230,False,False,False,,2024-12-08,False,False
554,47,102,1,Double Classic,2,275,False,False,True,,2024-09-15,False,False
555,47,103,1,Queen Urban,2,285,False,False,True,,2024-05-14,False,False
556,47,104,1,King Executive,2,345,False,False,True,,2021-09-27,False,False
557,47,205,2,Studio Extended Stay,3,360,False,False,True,Lamp replacement pending,2022-10-19,False,False
558,47,206,2,Family Suite,4,410,False,False,False,,2023-07-20,False,False
559,47,207,2,Panorama Suite,2,480,True,False,True,,2023-08-30,False,False
560,47,208,2,Alpine Premium,2,435,False,False,True,Paint touch-up scheduled,2023-11-09,False,False
561,47,309,3,Accessible Queen,2,295,False,False,False,Paint touch-up scheduled,2024-06-04,False,True
562,47,310,3,Business King,2,360,False,False,True,,2021-01-08,False,False
563,47,311,3,Junior Suite,3,400,True,False,True,Bathroom caulking maintenance due,2022-06-04,False,False
564,47,312,3,Presidential Suite,4,675,True,False,False,Lamp replacement pending,2023-10-18,False,False
565,48,101,1,Single Comfort,1,167,False,False,False,,2022-06-30,False,False
566,48,102,1,Double Classic,2,227,False,False,True,,2024-06-22,False,False
567,48,103,1,Queen Urban,2,237,False,False,True,,2021-03-31,False,False
568,48,104,1,King Executive,2,282,False,False,True,Lamp replacement pending,2023-10-04,False,False
569,48,205,2,Studio Extended Stay,3,302,False,False,True,,2023-03-24,False,False
570,48,206,2,Family Suite,4,367,False,False,False,,2022-04-07,False,False
571,48,207,2,Panorama Suite,2,412,False,False,True,,2024-06-22,False,False
572,48,208,2,Alpine Premium,2,382,False,False,True,Lamp replacement pending,2024-05-14,False,False
573,48,309,3,Accessible Queen,2,252,False,False,False,,2022-01-31,False,True
574,48,310,3,Business King,2,302,False,False,True,,2021-03-03,False,False
575,48,311,3,Junior Suite,3,327,False,False,True,Bathroom caulking maintenance due,2022-06-21,False,False
576,48,312,3,Presidential Suite,4,622,False,False,False,Paint touch-up scheduled,2023-11-17,False,False
577,49,101,1,Single Comfort,1,210,False,False,False,,2025-03-28,False,False
578,49,102,1,Double Classic,2,270,False,False,True,,2025-03-06,False,False
579,49,103,1,Queen Urban,2,285,False,False,True,,2022-09-01,False,False
580,49,104,1,King Executive,2,330,False,False,True,Lamp replacement pending,2025-01-27,False,False
581,49,205,2,Studio Extended Stay,3,355,False,False,True,,2022-09-22,False,False
582,49,206,2,Family Suite,4,405,False,False,False,Lamp replacement pending,2024-07-18,False,False
583,49,207,2,Panorama Suite,2,465,False,False,True,,2024-02-08,False,False
584,49,208,2,Alpine Premium,2,435,False,False,True,Paint touch-up scheduled,2024-03-12,False,False
585,49,309,3,Accessible Queen,2,290,False,False,False,,2024-12-02,False,True
586,49,310,3,Business King,2,330,False,False,True,Lamp replacement pending,2023-07-02,False,False
587,49,311,3,Junior Suite,3,390,False,False,True,,2022-05-29,False,False
588,49,312,3,Presidential Suite,4,675,False,False,False,,2023-05-25,False,False
589,50,101,1,Single Comfort,1,261,False,False,False,,2025-02-08,False,False
590,50,102,1,Double Classic,2,316,False,False,True,,2021-08-02,False,False
591,50,103,1,Queen Urban,2,326,False,False,True,,2023-08-15,False,False
592,50,104,1,King Executive,2,361,False,False,True,,2024-04-10,False,False
593,50,205,2,Studio Extended Stay,3,396,False,False,True,Bathroom caulking maintenance due,2023-06-07,False,False
594,50,206,2,Family Suite,4,446,False,False,False,,2024-10-02,False,False
595,50,207,2,Panorama Suite,2,511,True,False,True,,2023-09-18,False,False
596,50,208,2,Alpine Premium,2,486,False,False,True,,2024-08-07,False,False
597,50,309,3,Accessible Queen,2,351,False,False,False,,2024-06-16,False,True
598,50,310,3,Business King,2,401,False,False,True,,2021-03-31,False,False
599,50,311,3,Junior Suite,3,431,True,False,True,Bathroom caulking maintenance due,2024-11-20,False,False
600,50,312,3,Presidential Suite,4,711,True,False,False,Lamp replacement pending,2021-04-08,False,False
